regiao,mes,temperatura_media_C,anomalia_temperatura_C,precipitacao_mm,umidade_relativa_pct,ndvi_satelite,cobertura_nuvens_pct,indice_seca,focos_queimadas_satelite,risco_desastre
Caatinga,11,31.4,1.27,94.7,64.1,0.277,61.6,-2.06,52,1
Cerrado,8,24.6,-1.27,111.7,71.9,0.513,43.6,-0.76,46,0
Cerrado,12,28.7,0.17,89.3,74.7,0.561,66.3,-0.54,167,1
Caatinga,9,28.2,1.79,28.3,79.3,0.202,39.8,-1.72,61,1
Pampa,6,19.0,1.7,44.3,61.4,0.226,63.7,-1.47,8,1
Pampa,8,19.4,-0.34,126.4,92.0,0.687,81.6,-0.69,0,0
Amazônia,9,29.7,-1.01,315.5,90.4,0.892,100.0,1.05,0,0
Pampa,8,20.9,1.36,169.1,64.7,0.537,82.6,-0.15,7,0
Pampa,7,17.5,-0.14,61.4,78.2,0.512,46.9,-0.07,32,0
Mata Atlântica,11,26.9,-0.98,232.9,89.4,0.773,91.8,0.02,0,0
Pampa,11,15.7,-0.24,115.6,79.4,0.558,53.5,-0.42,0,0
Amazônia,5,24.7,0.0,316.6,79.0,0.767,91.4,1.32,0,0
Caatinga,12,31.9,0.01,0.0,53.5,0.164,43.5,-1.95,107,2
Amazônia,1,28.3,-0.13,263.1,83.7,0.847,85.4,1.02,0,0
Pampa,8,19.1,3.12,99.1,77.8,0.597,75.5,-1.23,17,0
Caatinga,12,27.3,-0.14,42.7,67.6,0.165,81.8,-2.03,67,2
Pampa,10,20.4,1.11,80.8,88.3,0.518,68.9,-2.0,41,0
Amazônia,3,30.4,1.48,298.9,89.7,0.797,100.0,1.42,0,0
Mata Atlântica,2,24.5,-0.1,151.3,95.9,0.834,65.9,-0.12,0,0
Pantanal,1,30.3,0.79,74.5,82.0,0.782,42.4,-0.98,77,1
Pantanal,2,32.9,2.58,96.3,79.2,0.668,45.7,-1.04,79,0
Caatinga,12,26.7,3.34,30.3,71.5,0.276,61.2,-1.76,99,1
Caatinga,5,28.2,1.56,7.5,58.2,0.065,46.5,-1.38,72,1
Cerrado,11,22.9,1.59,72.7,92.8,0.586,39.2,-1.61,36,0
Amazônia,4,29.7,-0.13,325.4,89.7,0.896,100.0,1.1,0,0
Pampa,3,24.9,0.88,55.3,63.8,0.555,77.4,-1.68,40,0
Caatinga,12,31.9,0.67,60.7,69.6,0.319,51.1,-0.56,75,1
Caatinga,10,27.7,1.93,106.5,65.8,0.323,47.1,-0.78,68,0
Amazônia,7,25.6,1.64,326.9,83.3,0.725,100.0,1.1,0,0
Pampa,5,22.9,2.2,72.8,76.0,0.465,43.0,-0.55,42,0
Mata Atlântica,4,23.7,1.07,205.9,90.2,0.844,100.0,0.43,0,0
Mata Atlântica,12,25.3,0.05,195.7,82.8,0.711,82.2,0.4,0,0
Cerrado,11,27.1,-1.35,143.3,81.0,0.5,68.0,-0.29,21,0
Pampa,5,20.3,-2.15,85.6,81.6,0.431,33.3,-0.83,25,0
Pantanal,3,28.0,-0.41,144.8,81.5,0.608,100.0,-0.96,14,0
Mata Atlântica,4,27.4,0.19,216.2,82.2,0.757,100.0,0.03,0,0
Cerrado,2,31.5,0.44,100.9,82.6,0.497,93.7,-2.01,122,1
Cerrado,4,29.8,0.39,150.8,76.0,0.589,67.5,-1.21,86,0
Cerrado,12,28.1,-0.04,135.6,73.5,0.529,61.1,-0.22,42,0
Mata Atlântica,6,24.6,-1.75,177.3,81.5,0.925,76.5,-0.65,0,0
Caatinga,12,28.0,-1.02,9.2,64.4,0.21,27.8,-2.23,99,1
Pampa,3,20.2,1.15,189.1,78.0,0.556,83.6,-0.15,0,0
Amazônia,6,28.8,1.0,299.3,79.4,0.837,100.0,1.81,0,0
Mata Atlântica,10,20.6,1.65,224.9,81.0,0.665,100.0,0.31,0,0
Caatinga,8,30.0,1.3,0.0,67.3,0.352,41.5,-1.53,121,2
Mata Atlântica,5,25.4,1.79,221.0,89.3,0.769,97.8,0.24,26,0
Cerrado,4,19.9,0.57,198.5,82.7,0.529,93.1,0.94,5,0
Cerrado,1,27.2,0.65,53.4,78.6,0.55,39.1,-0.9,123,0
Pantanal,6,24.3,0.89,142.4,89.9,0.54,94.6,-0.55,25,0
Pantanal,5,25.4,3.16,118.3,69.3,0.591,55.7,-1.09,34,0
Cerrado,9,31.9,1.76,112.1,70.4,0.452,73.0,-0.79,119,1
Cerrado,12,26.1,-0.37,32.3,67.1,0.518,71.0,-1.66,136,1
Pampa,3,15.4,0.89,120.9,82.6,0.438,77.5,-0.2,0,0
Amazônia,4,21.5,3.3,264.4,100.0,0.796,100.0,1.42,0,0
Cerrado,9,28.1,0.06,108.4,76.3,0.437,71.4,-1.96,54,0
Pantanal,8,19.5,-0.07,147.4,81.0,0.631,83.6,-0.41,0,0
Pampa,9,18.9,1.06,201.3,80.4,0.599,99.8,-0.44,2,0
Cerrado,6,22.6,0.08,100.7,71.5,0.773,64.0,-1.07,79,0
Amazônia,1,29.8,0.19,239.0,89.0,0.923,100.0,0.11,0,0
Pampa,12,19.6,1.45,134.5,81.0,0.452,72.1,-0.81,21,0
Pampa,4,20.5,1.65,61.7,91.3,0.46,66.8,-1.11,72,1
Amazônia,9,24.4,-1.44,215.5,83.6,0.76,70.1,0.28,0,0
Cerrado,4,27.5,-0.51,169.9,78.2,0.627,90.0,-0.54,17,0
Amazônia,4,32.5,0.29,296.1,86.6,0.792,100.0,1.6,0,0
Cerrado,11,30.2,1.0,160.3,72.3,0.419,74.4,-0.93,93,1
Cerrado,11,26.8,1.38,75.0,82.5,0.746,75.9,-1.2,114,1
Cerrado,1,33.6,0.87,173.8,71.9,0.677,82.9,-0.76,117,1
Mata Atlântica,9,19.6,-1.07,226.4,96.9,0.788,81.1,0.16,0,0
Amazônia,11,29.4,0.89,218.8,79.3,0.903,83.0,-0.27,0,0
Caatinga,9,29.2,1.04,0.0,72.1,0.456,49.6,-1.99,94,2
Mata Atlântica,1,23.9,-2.38,178.3,82.2,0.693,100.0,-0.34,21,0
Pampa,6,16.9,0.88,109.5,75.9,0.455,85.7,-1.32,19,0
Caatinga,2,31.2,-1.25,81.0,66.2,0.22,45.0,-1.18,88,1
Pantanal,3,23.3,0.37,178.5,75.3,0.581,92.4,0.14,20,0
Pampa,5,12.9,2.44,94.0,75.9,0.518,75.8,-0.72,9,0
Mata Atlântica,4,25.0,0.05,179.7,80.9,0.724,100.0,-0.44,28,0
Caatinga,3,32.9,0.05,38.8,73.5,0.223,67.8,-0.53,89,2
Pampa,4,21.3,0.62,176.1,87.6,0.51,100.0,-0.24,0,0
Cerrado,12,28.8,0.05,159.3,86.7,0.683,62.7,-1.33,59,0
Pantanal,1,29.6,-0.37,119.8,63.0,0.551,53.7,-1.26,67,0
Pampa,2,21.6,1.14,125.3,67.6,0.496,49.3,-0.6,11,0
Pampa,11,12.9,3.17,169.5,82.1,0.472,78.9,-0.22,0,0
Amazônia,7,31.0,1.77,226.2,97.7,0.837,100.0,0.61,52,0
Amazônia,2,25.4,2.15,277.7,87.4,0.885,100.0,1.0,0,0
Pantanal,2,35.6,0.9,163.6,81.0,0.498,100.0,-0.79,73,1
Caatinga,7,31.2,-0.82,0.0,71.2,0.198,54.2,-1.57,114,2
Pantanal,10,25.7,0.48,102.5,78.7,0.808,47.7,-1.31,31,0
Amazônia,1,29.1,-0.48,247.8,71.7,0.74,81.5,-0.49,15,0
Mata Atlântica,5,21.5,-1.08,167.0,84.5,0.935,100.0,0.25,0,0
Amazônia,10,29.4,-1.24,300.3,84.0,0.72,100.0,2.25,0,0
Cerrado,2,25.5,2.66,138.9,80.0,0.506,55.0,-0.51,103,0
Pantanal,9,22.5,-0.29,121.4,77.5,0.552,71.3,-0.53,37,0
Pampa,8,17.3,0.98,104.1,80.5,0.544,86.3,-0.94,21,0
Pantanal,1,29.7,1.4,162.2,81.3,0.675,93.2,-0.17,47,0
Caatinga,11,28.1,1.3,59.2,61.4,0.32,69.3,-1.75,74,1
Caatinga,7,32.0,0.74,0.0,56.3,0.227,39.9,-2.2,102,2
Caatinga,12,33.7,0.52,11.8,65.8,0.206,43.3,-1.64,139,2
Cerrado,8,24.3,-0.94,105.1,80.1,0.675,99.2,-1.23,0,0
Mata Atlântica,11,25.4,-0.67,252.4,72.6,0.732,100.0,0.47,7,0
Mata Atlântica,3,18.7,1.4,153.1,94.8,0.825,76.3,-0.29,20,0
Caatinga,9,31.0,1.04,58.3,72.4,0.396,81.6,-1.1,92,1
Amazônia,7,29.1,-1.11,219.7,76.7,0.711,93.7,-0.17,33,0
Mata Atlântica,1,22.6,-0.36,103.0,86.0,0.623,77.0,-0.58,28,0
Caatinga,9,29.0,2.03,41.9,61.2,0.132,48.5,-0.99,80,1
Amazônia,4,23.8,1.05,235.7,91.8,0.894,93.0,0.41,0,0
Amazônia,2,33.8,2.42,302.4,98.7,0.793,100.0,1.35,3,0
Pantanal,9,26.3,-1.07,101.4,91.4,0.652,100.0,-1.13,61,0
Caatinga,8,29.4,-0.84,51.7,53.5,0.39,60.1,-1.9,69,1
Amazônia,7,31.3,-1.07,245.6,90.7,0.895,85.6,-0.48,72,0
Cerrado,4,21.1,2.45,97.1,81.8,0.614,50.6,-0.76,71,0
Cerrado,8,31.0,0.67,28.4,78.7,0.339,61.4,-3.02,151,2
Caatinga,8,35.4,2.86,45.4,57.2,0.271,34.7,-1.98,128,2
Pantanal,10,20.7,-0.21,160.2,89.4,0.579,61.2,-0.07,7,0
Pantanal,5,28.5,2.7,63.8,85.7,0.657,60.4,-0.81,105,0
Pampa,2,19.0,2.86,112.0,74.5,0.512,64.3,-1.19,23,0
Cerrado,8,21.4,0.88,110.1,75.6,0.38,73.4,-1.43,43,0
Mata Atlântica,1,21.8,1.02,219.4,76.3,0.814,96.8,0.17,0,0
Caatinga,11,30.6,-0.13,58.0,70.5,0.264,86.1,-1.97,83,2
Cerrado,6,28.4,1.88,74.1,70.1,0.529,53.0,-1.11,115,0
Amazônia,7,31.9,-0.26,239.5,73.2,0.83,73.3,-0.24,68,0
Amazônia,1,23.5,0.8,350.7,83.6,0.823,100.0,1.73,0,0
Cerrado,8,18.5,2.46,181.6,63.3,0.439,100.0,0.33,0,0
Pampa,2,20.5,-0.66,202.8,86.7,0.478,96.3,0.09,0,0
Pampa,3,17.9,-1.49,92.0,68.6,0.43,59.1,-0.59,21,0
Cerrado,2,26.2,3.02,56.5,74.3,0.539,69.6,-1.92,123,1
Cerrado,10,25.6,2.39,151.8,59.1,0.588,100.0,-0.36,53,0
Cerrado,8,29.4,1.76,78.0,79.6,0.528,55.1,-0.85,108,1
Cerrado,9,26.7,0.38,88.7,71.1,0.728,56.7,-0.85,109,0
Pampa,5,21.7,1.18,194.9,75.1,0.377,63.7,0.68,0,0
Mata Atlântica,2,19.7,-1.15,123.5,96.3,0.828,66.7,-0.61,18,0
Caatinga,8,33.4,2.29,78.6,52.2,0.215,42.5,-0.63,78,1
Caatinga,11,26.0,-1.0,73.0,81.0,0.485,41.5,-1.39,33,1
Cerrado,7,23.9,1.0,87.8,79.0,0.595,53.7,-0.85,33,0
Pampa,9,11.0,1.78,110.0,86.5,0.44,76.1,-1.22,0,0
Mata Atlântica,12,26.1,-0.52,238.3,69.4,0.687,100.0,-0.54,0,0
Pampa,3,19.1,3.43,186.1,82.9,0.34,87.6,-1.4,0,0
Cerrado,6,24.9,-0.07,72.0,83.1,0.506,66.2,-0.92,174,0
Caatinga,1,36.2,0.07,62.3,54.4,0.351,57.9,-1.91,96,2
Caatinga,9,29.7,0.35,37.2,66.6,0.217,59.6,-1.3,93,2
Pampa,11,22.6,0.06,178.8,87.6,0.483,80.7,-0.14,0,0
Caatinga,4,25.4,0.65,76.5,89.8,0.39,62.2,-1.76,66,0
Pantanal,7,21.2,1.26,228.0,69.6,0.568,79.9,0.16,0,0
Cerrado,8,21.6,2.24,97.3,82.8,0.549,54.9,-0.97,46,0
Mata Atlântica,10,24.2,1.15,150.5,93.6,0.785,95.5,-0.65,4,0
Amazônia,2,25.2,1.13,263.7,91.7,0.813,100.0,1.34,0,0
Amazônia,12,33.0,-2.12,274.8,78.5,0.772,100.0,1.29,9,0
Pampa,4,21.6,2.0,103.7,78.5,0.416,81.5,-0.37,12,0
Amazônia,2,27.4,-0.41,244.8,85.3,0.897,93.4,0.06,0,0
Mata Atlântica,12,24.7,0.19,163.7,75.9,0.731,97.3,-1.45,1,0
Caatinga,3,30.9,0.5,72.6,64.9,0.419,68.8,-1.36,100,1
Pampa,7,21.4,0.08,68.0,63.8,0.524,68.3,-1.59,42,0
Pantanal,7,28.5,2.97,148.9,90.4,0.784,81.0,-1.46,44,0
Caatinga,9,28.1,2.35,59.1,68.2,0.33,47.9,-0.99,62,1
Amazônia,10,30.3,2.24,303.4,93.2,0.944,77.5,1.38,0,0
Pampa,12,17.6,1.67,155.9,81.7,0.49,74.6,-0.88,0,0
Cerrado,4,30.7,0.3,70.0,77.4,0.496,50.9,-1.1,104,1
Caatinga,3,30.4,0.05,12.5,84.4,0.399,66.8,-1.06,109,2
Amazônia,3,27.5,-0.57,261.9,92.7,0.876,100.0,0.66,0,0
Amazônia,7,26.1,0.72,197.5,93.0,0.882,81.4,-0.46,78,0
Pantanal,6,27.9,0.1,64.9,91.7,0.657,74.0,-0.51,44,0
Caatinga,1,34.1,0.24,35.9,76.6,0.323,59.4,-1.59,96,2
Caatinga,8,29.0,2.19,9.3,62.1,0.321,55.5,-1.94,88,2
Caatinga,9,28.4,1.1,39.4,57.0,0.258,42.5,-2.49,79,2
Mata Atlântica,10,23.5,-0.72,222.2,100.0,0.742,100.0,-0.2,0,0
Caatinga,9,28.2,0.21,105.2,64.8,0.371,71.6,-0.76,28,0
Amazônia,7,29.1,0.26,322.5,75.7,0.813,100.0,0.59,0,0
Mata Atlântica,7,19.9,0.05,173.0,88.9,0.862,83.7,-0.59,0,0
Mata Atlântica,4,26.7,0.9,211.0,75.8,0.779,81.9,-0.14,12,0
Amazônia,2,29.8,2.05,250.6,89.4,0.827,100.0,0.02,13,0
Pantanal,3,22.9,-0.57,139.5,76.4,0.702,61.0,-1.08,24,0
Cerrado,10,32.1,0.83,46.8,61.9,0.48,55.3,-1.14,129,1
Mata Atlântica,12,22.3,1.24,237.8,90.9,0.681,100.0,0.37,0,0
Caatinga,12,31.4,1.03,79.4,90.8,0.445,70.8,-0.92,68,0
Caatinga,9,30.5,-1.75,92.7,74.5,0.269,66.8,-0.41,55,1
Pampa,3,18.2,1.83,171.7,74.9,0.463,77.4,-0.16,0,0
Cerrado,10,22.6,0.21,200.6,85.6,0.677,95.9,0.22,0,0
Caatinga,7,31.4,0.09,0.0,59.0,0.232,56.5,-2.17,102,2
Mata Atlântica,5,23.5,1.29,207.2,88.0,0.778,100.0,0.39,0,0
Pantanal,7,25.9,2.37,74.5,69.8,0.495,60.3,-1.73,47,1
Caatinga,1,31.3,1.87,56.9,72.3,0.315,66.1,-1.33,74,1
Caatinga,8,31.1,1.76,83.5,64.1,0.332,62.2,-1.17,45,1
Amazônia,11,30.0,0.19,341.1,87.6,0.791,100.0,1.69,0,0
Pantanal,2,34.6,0.18,184.4,65.5,0.535,85.6,0.7,45,0
Amazônia,2,30.6,1.41,320.0,80.8,0.604,86.5,0.87,0,0
Caatinga,6,34.8,0.5,62.6,75.5,0.481,38.5,-1.34,80,1
Pantanal,6,24.3,0.93,82.8,79.0,0.628,43.3,-1.48,36,0
Pantanal,12,21.5,3.78,88.7,81.2,0.784,46.0,-2.37,19,0
Pampa,1,23.3,-0.13,106.9,98.9,0.538,68.7,-0.74,27,0
Amazônia,8,31.1,1.71,253.5,81.1,0.785,100.0,0.39,3,0
Amazônia,8,22.6,0.22,186.6,90.5,0.841,100.0,-0.92,0,0
Amazônia,4,25.9,2.63,293.7,64.5,0.753,100.0,0.49,0,0
Caatinga,10,33.4,0.87,7.5,59.1,0.393,56.1,-1.52,151,2
Pampa,9,20.9,0.76,141.5,78.5,0.451,79.9,-1.16,3,0
Pantanal,1,28.4,-0.09,119.3,64.0,0.586,68.8,-0.28,43,0
Mata Atlântica,6,21.2,-1.4,227.3,89.6,0.792,85.1,-0.64,0,0
Pampa,4,19.7,1.07,34.3,71.9,0.299,58.8,-1.86,11,1
Caatinga,3,28.3,-0.68,31.6,55.4,0.115,80.6,-1.2,71,1
Amazônia,4,24.7,-1.13,283.9,83.2,0.811,100.0,0.76,0,0
Mata Atlântica,10,21.7,1.43,209.2,91.9,0.769,69.5,-0.68,0,0
Amazônia,1,26.2,-0.23,284.9,81.7,0.873,100.0,1.38,0,0
Pampa,12,21.9,1.56,109.7,74.9,0.401,66.6,-0.74,13,0
Caatinga,2,35.3,3.97,118.3,66.4,0.252,72.1,-1.05,49,1
Pantanal,5,21.9,0.99,195.7,77.8,0.556,100.0,0.12,0,0
Pampa,10,19.1,-0.29,128.8,80.2,0.59,94.7,-1.6,0,0
Pantanal,11,26.3,2.62,177.0,81.1,0.643,59.7,-1.33,41,0
Mata Atlântica,3,21.4,1.59,193.9,92.9,0.734,44.7,0.24,0,0
Pampa,6,20.9,-0.27,144.0,70.1,0.467,70.8,0.01,0,0
Pampa,3,16.4,1.64,164.3,86.3,0.541,73.9,-0.15,0,0
Amazônia,4,26.1,3.33,292.5,82.2,0.943,91.6,1.41,0,0
Mata Atlântica,2,25.2,-0.52,231.7,69.1,0.739,85.0,0.54,0,0
Pantanal,8,24.6,2.58,101.2,83.2,0.692,74.1,-1.73,30,0
Amazônia,7,18.9,1.77,257.4,100.0,0.964,94.1,0.68,0,0
Pampa,4,19.2,0.17,109.6,63.7,0.498,65.8,-1.25,15,0
Amazônia,1,28.1,0.47,280.6,77.1,0.896,100.0,0.38,0,0
Amazônia,11,28.6,1.69,322.4,68.8,0.67,100.0,1.32,0,0
Cerrado,7,27.7,3.49,75.6,67.1,0.504,53.1,-1.05,100,0
Cerrado,1,29.2,-0.89,115.0,67.7,0.323,69.9,-1.57,52,1
Amazônia,2,23.5,2.18,333.5,94.7,0.754,100.0,1.53,0,0
Mata Atlântica,2,26.0,-0.17,193.4,78.2,0.78,100.0,-0.24,9,0
Pantanal,9,28.5,1.01,173.6,74.8,0.526,96.5,-0.81,26,0
Amazônia,3,30.3,3.22,183.6,81.9,0.814,86.1,0.11,58,0
Caatinga,1,33.3,0.92,40.8,69.7,0.304,49.6,-1.77,121,2
Pampa,12,20.5,-1.12,132.0,79.6,0.514,98.8,-0.79,0,0
Mata Atlântica,9,22.5,3.35,225.4,81.7,0.693,100.0,0.68,0,0
Caatinga,6,26.2,-0.53,0.0,63.4,0.22,58.4,-1.36,88,1
Caatinga,12,35.4,1.0,60.7,68.3,0.338,88.3,-1.24,91,1
Amazônia,2,26.7,0.16,273.8,88.5,0.823,80.4,0.74,0,0
Pampa,6,18.8,1.94,162.7,67.2,0.486,85.3,0.17,0,0
Amazônia,11,29.3,-0.06,294.8,85.2,0.824,84.7,0.74,0,0
Cerrado,10,23.5,-0.07,172.7,87.9,0.483,79.8,0.25,40,0
Amazônia,11,25.1,-0.7,298.9,90.9,0.939,100.0,0.83,0,0
Pantanal,6,25.7,1.69,117.4,80.7,0.768,63.8,-1.01,32,0
Amazônia,9,26.1,-0.02,332.9,82.7,0.934,100.0,0.4,0,0
Pantanal,2,25.4,0.93,179.2,70.2,0.601,96.1,-0.41,19,0
Pantanal,5,31.9,0.65,154.2,61.8,0.528,94.7,-0.55,69,0
Cerrado,4,24.0,-0.89,88.3,65.8,0.61,62.9,-1.07,48,0
Mata Atlântica,1,27.8,-0.34,185.2,87.6,0.712,98.2,0.37,23,0
Amazônia,7,27.5,2.44,276.6,100.0,0.954,100.0,0.44,0,0
Pampa,5,14.9,-0.47,100.0,89.5,0.597,87.0,-1.13,0,0
Pantanal,3,25.6,2.96,104.6,67.4,0.717,74.3,-1.25,46,0
Cerrado,9,28.3,1.01,64.2,67.1,0.371,70.2,-1.29,95,0
Amazônia,9,24.4,1.57,272.8,86.0,0.798,100.0,0.63,0,0
Pantanal,1,32.2,1.35,187.5,76.6,0.651,86.4,-1.32,25,0
Amazônia,3,26.8,1.17,292.0,94.8,0.859,100.0,0.95,0,0
Mata Atlântica,1,23.5,-0.99,122.1,81.9,0.784,89.6,-0.49,41,0
Pantanal,9,25.1,-0.4,180.9,96.1,0.689,76.6,-0.16,0,0
Caatinga,1,31.7,0.5,68.1,75.4,0.371,44.5,-1.68,69,1
Mata Atlântica,11,21.5,0.37,178.1,88.6,0.763,100.0,0.34,0,0
Mata Atlântica,8,21.9,-0.82,159.3,85.3,0.781,85.5,-1.08,9,0
Caatinga,7,27.5,0.91,0.0,61.0,0.11,30.7,-1.53,96,2
Pantanal,6,26.7,2.45,91.1,91.2,0.568,55.1,-1.03,65,0
Pantanal,10,32.8,-0.93,127.7,96.1,0.662,60.9,0.35,83,0
Caatinga,1,32.1,0.34,29.8,50.2,0.224,63.4,-1.76,103,2
Pampa,1,25.1,-2.58,129.5,74.1,0.558,80.3,-0.58,37,0
Caatinga,1,37.9,0.71,61.6,67.0,0.273,70.0,-0.85,103,2
Mata Atlântica,11,27.1,-0.88,188.0,93.3,0.879,94.4,0.08,16,0
Pampa,1,22.9,0.3,99.9,70.0,0.39,86.1,-1.3,53,0
Pantanal,11,25.2,0.34,218.8,76.6,0.759,100.0,-0.09,0,0
Mata Atlântica,11,24.4,-0.04,199.3,80.4,0.77,74.6,0.87,0,0
Mata Atlântica,1,25.6,-0.41,158.4,83.8,0.761,86.6,-0.76,1,0
Cerrado,7,28.6,-0.86,55.3,78.1,0.511,70.2,-1.17,178,1
Amazônia,1,29.3,1.91,245.9,100.0,0.834,94.5,0.64,12,0
Pantanal,9,20.0,1.54,107.4,90.5,0.539,65.2,-2.31,23,0
Pampa,12,16.3,3.71,132.2,67.6,0.443,71.8,-0.79,0,0
Pampa,3,21.6,1.26,98.4,77.6,0.521,62.1,-0.27,39,0
Cerrado,1,26.1,0.68,77.5,92.4,0.729,94.5,-1.25,122,0
Amazônia,7,28.9,-0.29,233.0,91.0,0.907,100.0,0.84,55,0
Mata Atlântica,11,18.7,-1.7,233.5,89.7,0.85,100.0,0.52,0,0
Pampa,3,16.9,-0.81,178.6,78.2,0.474,69.6,0.66,0,0
Caatinga,4,28.2,0.04,48.5,64.9,0.346,69.0,-2.45,54,1
Pampa,4,23.3,1.12,118.7,86.7,0.603,100.0,-0.92,49,0
Caatinga,8,34.3,-0.16,0.0,60.1,0.077,61.6,-1.44,141,2
Caatinga,6,31.1,3.04,18.7,77.3,0.293,58.4,-1.42,114,2
Caatinga,10,34.9,1.93,13.8,51.7,0.36,34.3,-1.67,127,2
Cerrado,2,27.5,3.43,76.7,76.1,0.595,32.9,-0.46,127,1
Pampa,1,23.9,0.61,134.6,69.0,0.359,84.4,-0.13,42,0
Pampa,8,18.8,0.91,78.4,60.0,0.419,42.2,-1.04,19,0
Amazônia,8,28.2,1.69,192.8,95.0,0.785,92.7,-0.41,47,0
Pampa,11,20.3,1.2,154.5,73.0,0.419,78.9,-0.47,22,0
Caatinga,5,31.9,1.1,93.2,76.7,0.381,84.0,-0.06,86,1
Caatinga,3,35.3,0.55,20.3,54.7,0.142,56.5,-1.45,122,2
Pantanal,5,30.4,2.23,172.0,89.8,0.655,74.6,-0.31,51,0
Pantanal,5,25.4,1.7,156.1,78.6,0.614,70.0,-0.39,28,0
Caatinga,6,36.0,1.3,0.0,64.0,0.223,62.8,-1.22,131,2
Pampa,3,19.3,1.01,135.4,86.1,0.517,92.7,-0.42,0,0
Pampa,4,17.8,1.56,111.9,73.0,0.516,81.7,-1.45,0,0
Amazônia,3,26.2,0.27,254.5,98.9,0.889,100.0,0.84,0,0
Mata Atlântica,7,26.9,-0.63,129.8,86.0,0.724,79.8,0.01,30,0
Caatinga,2,30.5,1.85,28.6,62.2,0.23,62.9,-1.74,80,2
Mata Atlântica,8,20.9,1.86,146.8,78.7,0.86,84.3,-0.72,0,0
Pampa,2,21.6,-0.5,164.0,77.0,0.414,81.1,0.4,0,0
Amazônia,1,24.3,2.16,264.2,63.5,0.725,100.0,0.91,0,0
Cerrado,7,25.2,2.3,123.8,65.1,0.546,100.0,-0.79,56,0
Amazônia,3,27.1,2.87,289.7,95.4,0.763,100.0,1.36,0,0
Pampa,6,18.9,0.09,39.3,69.3,0.518,41.4,-1.5,26,1
Mata Atlântica,6,20.4,-0.06,203.3,83.9,0.662,83.0,0.64,0,0
Pantanal,5,28.6,1.16,110.9,69.2,0.545,80.3,-1.07,55,0
Amazônia,6,29.2,1.69,183.4,73.6,0.769,95.3,-0.1,73,0
Cerrado,6,31.8,3.69,34.0,70.0,0.544,40.1,-1.96,182,1
Caatinga,10,28.7,0.29,52.6,71.7,0.236,70.9,-1.86,41,1
Pampa,9,13.4,0.16,160.0,70.7,0.467,100.0,-0.62,0,0
Amazônia,10,30.1,-0.06,353.9,87.0,0.806,100.0,1.59,0,0
Amazônia,5,28.3,1.84,290.1,84.4,0.811,100.0,1.69,0,0
Mata Atlântica,3,15.4,-1.67,203.7,91.9,0.73,83.5,1.01,0,0
Pantanal,10,24.9,0.71,132.5,76.5,0.668,76.9,-0.51,37,0
Caatinga,11,26.7,3.29,51.9,73.4,0.346,60.5,-2.31,60,1
Caatinga,8,32.6,-1.25,16.7,70.7,0.295,36.6,-1.52,78,2
Cerrado,4,23.6,0.97,160.5,73.1,0.5,75.6,0.44,37,0
Caatinga,6,29.8,-1.37,0.0,60.1,0.278,70.6,-1.61,121,2
Amazônia,11,31.8,1.68,246.1,84.1,0.863,100.0,0.59,24,0
Cerrado,9,28.4,1.03,91.4,71.0,0.491,74.9,-1.8,115,1
Pampa,11,15.1,-1.49,133.1,70.6,0.521,74.3,-0.5,0,0
Caatinga,9,28.8,2.1,115.5,59.3,0.395,49.9,-0.6,41,0
Pampa,6,18.4,0.96,107.6,77.0,0.405,87.1,-1.14,24,0
Mata Atlântica,6,24.3,1.57,197.9,75.5,0.68,78.2,-0.09,0,0
Caatinga,6,31.4,-0.36,0.0,68.0,0.255,52.6,-2.17,102,2
Pantanal,12,32.1,2.72,203.8,67.5,0.659,62.9,-0.28,21,0
Cerrado,5,25.5,0.98,92.8,72.5,0.52,64.2,-1.67,114,1
Pantanal,9,29.7,0.2,130.1,70.4,0.596,61.1,-1.46,42,0
Cerrado,2,25.8,2.24,192.7,82.4,0.612,84.8,0.04,15,0
Caatinga,4,30.0,0.63,103.2,60.9,0.225,76.1,-1.83,62,1
Pantanal,10,26.7,0.64,166.8,85.3,0.531,92.1,0.19,29,0
Pantanal,11,26.5,1.82,95.4,68.0,0.458,83.3,-1.14,47,0
Caatinga,2,31.1,2.06,0.0,67.4,0.281,38.7,-2.1,130,2
Cerrado,3,27.9,0.61,99.6,76.9,0.54,55.4,-1.46,96,1
Mata Atlântica,11,21.5,1.21,201.2,90.7,0.696,82.7,0.06,0,0
Cerrado,11,33.3,0.58,172.0,74.1,0.505,85.3,-0.98,58,1
Amazônia,1,31.9,0.79,258.1,71.5,0.661,90.0,0.92,0,0
Mata Atlântica,3,27.8,0.92,193.8,79.8,0.633,74.4,-0.4,27,0
Pampa,4,15.0,0.05,120.2,77.8,0.531,88.0,-1.69,3,0
Mata Atlântica,4,19.0,1.97,169.9,78.0,0.633,91.7,0.19,0,0
Mata Atlântica,4,23.4,3.52,283.3,60.3,0.77,96.1,1.45,0,0
Mata Atlântica,2,18.9,0.73,117.4,98.1,0.873,73.6,0.29,2,0
Pantanal,7,27.7,1.46,86.2,73.9,0.466,18.7,-1.57,38,0
Cerrado,7,27.8,2.75,74.2,81.2,0.514,90.2,-0.81,142,0
Pampa,4,20.8,-0.17,99.4,70.6,0.558,50.1,-0.7,34,0
Pampa,6,19.1,0.89,72.2,68.9,0.529,60.9,-1.78,22,0
Cerrado,4,30.6,0.3,116.2,83.9,0.646,71.3,0.31,142,0
Caatinga,5,34.9,1.55,118.0,63.7,0.288,61.6,-0.72,68,1
Pampa,4,13.2,0.52,165.0,90.6,0.53,90.6,-1.12,0,0
Caatinga,5,33.6,-0.11,109.4,59.0,0.443,82.5,-1.89,75,1
Pantanal,11,23.1,0.92,119.7,76.6,0.602,100.0,-0.5,11,0
Cerrado,5,21.8,2.08,96.2,72.5,0.527,73.4,-1.05,56,0
Caatinga,3,28.3,-0.15,80.6,53.8,0.285,83.2,-0.59,54,1
Caatinga,3,27.6,1.62,53.8,69.2,0.224,80.7,-1.62,86,1
Pampa,12,26.3,2.15,89.4,76.8,0.471,53.1,-1.13,86,1
Pantanal,12,26.7,-0.01,148.2,75.6,0.594,91.0,-0.5,3,0
Amazônia,10,24.7,2.87,285.4,93.2,0.901,100.0,1.09,0,0
Mata Atlântica,9,20.5,-0.37,234.8,87.8,0.758,100.0,0.45,0,0
Mata Atlântica,7,24.3,-0.37,99.6,81.2,0.835,69.0,-1.41,37,0
Pampa,4,15.2,3.19,120.4,87.1,0.483,57.3,-0.0,0,0
Amazônia,10,26.1,-0.21,296.4,78.9,0.778,83.6,1.06,0,0
Caatinga,1,36.5,1.13,76.3,60.8,0.288,57.6,-1.4,65,2
Pantanal,9,22.3,1.41,117.9,78.6,0.594,52.8,0.17,45,0
Pampa,6,24.8,1.32,83.8,80.8,0.539,65.3,-1.06,5,0
Pampa,5,19.2,2.23,110.4,83.4,0.376,50.0,-0.72,0,0
Mata Atlântica,12,24.4,1.19,176.4,88.7,0.731,63.5,-0.38,26,0
Cerrado,8,29.8,0.86,98.5,81.7,0.649,95.9,-1.78,129,1
Amazônia,9,29.5,1.32,302.5,80.2,0.883,100.0,-0.06,0,0
Pantanal,6,30.1,0.86,106.7,68.5,0.534,71.2,-1.05,50,0
Pantanal,9,28.6,-1.17,152.8,86.0,0.768,92.9,-0.72,35,0
Pantanal,6,28.0,-0.54,125.2,67.6,0.573,76.6,-1.14,70,0
Amazônia,8,30.9,-0.71,323.2,83.4,0.862,99.3,1.22,0,0
Mata Atlântica,2,27.3,2.23,173.4,78.2,0.911,91.0,0.23,2,0
Pampa,12,26.9,-0.13,122.8,87.2,0.554,87.0,-1.07,60,0
Caatinga,1,30.3,2.34,123.1,82.6,0.433,76.2,-1.1,62,0
Pampa,8,22.1,-0.62,53.3,66.0,0.29,34.7,-0.9,51,1
Pantanal,12,31.0,1.86,117.5,73.6,0.596,95.3,-0.66,39,0
Amazônia,5,30.1,1.22,338.7,79.1,0.731,94.2,1.12,9,0
Cerrado,2,30.5,1.05,113.1,71.4,0.525,67.9,-1.21,75,0
Pantanal,2,26.3,-0.47,205.1,72.1,0.571,100.0,-0.62,3,0
Amazônia,2,33.5,0.34,299.4,83.4,0.697,92.3,0.58,0,0
Cerrado,2,34.0,1.9,65.2,71.5,0.495,69.0,-1.54,191,2
Caatinga,2,29.8,3.08,0.0,77.7,0.357,65.0,-2.05,111,2
Mata Atlântica,4,23.9,0.8,185.4,86.0,0.728,81.6,-0.38,20,0
Cerrado,12,30.4,2.01,151.4,58.3,0.485,83.1,-0.21,55,1
Amazônia,2,28.8,0.35,273.8,78.9,0.974,100.0,0.33,0,0
Pantanal,6,22.4,1.31,94.7,75.7,0.648,80.1,-1.17,35,0
Pampa,1,23.7,1.74,185.2,78.7,0.479,100.0,-0.33,2,0
Pantanal,10,25.3,3.46,166.9,79.8,0.627,100.0,-0.9,14,0
Pantanal,2,29.0,1.56,144.8,72.1,0.62,89.3,-0.75,47,0
Amazônia,8,24.6,2.23,282.8,85.2,0.815,100.0,0.86,0,0
Amazônia,11,28.5,2.33,329.2,77.5,0.868,100.0,2.53,0,0
Caatinga,3,31.4,0.53,77.5,76.2,0.272,74.6,-1.04,59,1
Cerrado,6,28.7,0.69,74.9,68.2,0.611,70.1,-0.77,125,0
Pampa,12,16.1,0.07,134.3,69.0,0.489,74.9,-0.99,0,0
Pampa,9,13.3,-0.39,199.8,81.1,0.612,82.7,0.25,0,0
Cerrado,7,26.3,0.53,156.0,64.6,0.622,81.5,-0.44,60,0
Mata Atlântica,8,25.4,1.46,167.3,75.1,0.76,85.1,-1.23,25,0
Pampa,1,21.0,2.51,136.7,73.2,0.42,80.0,-1.72,0,0
Amazônia,7,31.8,1.13,232.1,63.8,0.765,100.0,0.37,25,0
Cerrado,7,23.6,1.6,122.9,77.9,0.568,94.1,-1.26,30,0
Pampa,8,14.8,1.9,68.4,70.1,0.519,38.7,-1.65,7,0
Mata Atlântica,3,19.8,0.34,187.5,74.1,0.665,80.1,-0.59,0,0
Pantanal,9,28.5,2.68,131.3,75.0,0.536,79.6,-0.79,42,0
Pantanal,1,27.1,1.39,114.4,63.2,0.532,39.4,-0.39,28,0
Cerrado,1,32.3,0.54,120.7,85.1,0.613,56.2,-0.71,92,0
Amazônia,7,30.7,0.28,292.4,96.9,0.823,100.0,0.94,43,0
Cerrado,3,22.5,2.04,139.5,84.4,0.645,70.0,-0.71,0,0
Cerrado,7,27.6,1.74,127.0,74.0,0.424,74.3,-0.5,131,0
Pampa,11,15.3,-0.78,154.6,56.2,0.324,45.8,-0.29,0,0
Cerrado,1,29.4,1.06,148.3,70.7,0.494,58.6,-0.41,28,0
Amazônia,2,25.7,2.78,256.8,91.5,0.777,87.0,0.65,0,0
Mata Atlântica,2,24.4,-0.09,239.8,80.7,0.639,75.8,-0.15,0,0
Pantanal,4,32.0,3.14,220.4,71.4,0.588,94.0,-0.55,17,0
Caatinga,1,30.3,0.15,0.0,64.5,0.306,56.0,-1.24,118,2
Amazônia,7,29.4,0.61,302.5,67.6,0.865,100.0,0.84,0,0
Caatinga,6,26.6,0.66,29.5,80.4,0.274,41.9,-2.03,101,2
Pantanal,4,19.9,2.17,178.5,87.1,0.698,95.9,0.92,8,0
Caatinga,4,25.9,0.78,0.0,62.2,0.169,56.5,-1.67,94,2
Caatinga,3,33.7,0.08,0.0,56.1,0.222,68.5,-1.81,76,2
Pampa,4,19.6,3.42,147.1,66.8,0.478,66.9,-0.27,8,0
Pampa,1,25.0,-0.5,134.9,82.9,0.541,80.6,-0.58,11,0
Caatinga,6,24.9,-0.58,17.7,61.0,0.221,72.3,-0.58,78,1
Mata Atlântica,6,22.6,-1.1,205.6,86.4,0.683,60.2,-0.02,0,0
Caatinga,10,28.2,1.7,70.5,78.2,0.306,64.4,-0.71,74,0
Pampa,7,17.3,1.82,134.5,73.7,0.581,79.0,-0.58,0,0
Cerrado,6,30.9,-0.84,104.4,71.2,0.481,78.0,-0.95,133,0
Pantanal,2,27.5,0.71,175.3,65.5,0.602,88.0,-0.74,10,0
Cerrado,2,27.3,2.25,86.3,80.3,0.63,47.9,-0.49,56,0
Caatinga,5,30.7,-0.07,26.9,73.5,0.272,70.3,-2.26,126,2
Cerrado,7,23.8,0.58,68.7,69.8,0.536,66.4,-1.93,76,1
Cerrado,8,28.1,1.35,202.6,77.8,0.542,93.2,-0.34,27,0
Pampa,12,18.6,1.85,146.5,76.2,0.39,93.3,-1.02,0,0
Caatinga,3,27.3,0.69,17.0,78.9,0.237,33.5,-1.55,78,1
Mata Atlântica,1,23.1,0.73,185.5,94.2,0.717,87.9,-0.33,0,0
Amazônia,12,22.3,2.44,285.7,100.0,0.928,87.2,0.74,0,0
Cerrado,6,23.3,0.61,41.3,83.0,0.531,70.4,-1.26,87,1
Cerrado,12,27.6,1.35,105.1,67.5,0.435,90.9,-0.23,110,0
Amazônia,7,29.9,-0.26,187.4,79.2,0.731,72.5,-0.53,3,0
Amazônia,11,28.4,0.96,254.6,95.0,0.955,90.7,1.39,0,0
Amazônia,8,28.9,0.67,235.6,87.1,0.953,67.7,0.43,36,0
Amazônia,11,23.4,0.73,174.8,85.6,0.851,88.6,-0.51,41,0
Caatinga,7,29.1,1.33,26.8,71.6,0.206,17.1,-1.7,101,2
Cerrado,4,29.0,0.59,91.5,69.5,0.427,53.8,-1.33,125,1
Cerrado,9,31.4,0.23,106.3,69.9,0.572,62.5,-1.36,129,1
Caatinga,8,28.8,-2.06,7.5,68.7,0.282,15.1,-1.28,84,1
Amazônia,1,29.8,1.19,339.8,85.5,0.898,92.4,1.3,0,0
Amazônia,1,33.7,2.99,293.5,60.5,0.736,100.0,0.52,0,0
Pantanal,5,29.5,2.11,155.9,75.2,0.574,56.5,-0.61,50,0
Cerrado,5,25.8,1.01,114.1,70.6,0.525,63.1,-0.73,7,0
Pantanal,12,26.3,0.87,173.7,81.6,0.535,79.7,-0.41,0,0
Pantanal,12,32.2,-1.91,158.0,83.3,0.731,78.0,-0.8,31,1
Amazônia,8,25.7,1.93,200.1,74.9,0.669,94.1,0.98,0,0
Caatinga,8,31.2,2.24,0.0,77.3,0.257,72.8,-1.94,114,2
Pampa,9,20.3,-0.19,191.2,73.1,0.521,78.4,-0.02,0,0
Pampa,6,17.6,1.78,148.2,74.9,0.465,62.8,-0.8,26,0
Amazônia,4,26.7,0.04,225.4,87.0,0.742,71.1,-0.4,15,0
Pantanal,8,31.6,0.32,121.3,75.8,0.608,58.6,-0.09,55,0
Cerrado,9,23.9,1.11,148.3,76.0,0.568,77.1,-1.07,39,0
Caatinga,7,33.3,1.83,74.2,79.8,0.384,38.3,-1.36,54,1
Mata Atlântica,8,27.3,0.26,185.5,79.9,0.715,80.3,-1.05,17,0
Caatinga,7,28.8,1.11,0.0,57.5,0.21,63.7,-2.75,107,2
Caatinga,1,32.8,-0.01,87.8,81.9,0.302,68.0,-1.38,79,1
Pantanal,10,25.6,-0.66,85.0,71.0,0.615,45.0,0.4,62,0
Caatinga,5,31.1,1.9,16.7,69.7,0.14,61.7,-2.48,95,2
Pampa,5,18.4,1.81,153.4,86.1,0.541,72.7,-0.3,0,0
Caatinga,3,31.4,4.36,92.7,54.7,0.211,73.9,-0.7,85,2
Amazônia,9,29.6,1.12,339.8,81.0,0.807,100.0,1.47,0,0
Caatinga,6,30.6,2.44,34.4,49.7,0.271,23.6,-1.83,71,2
Cerrado,6,25.0,2.12,84.1,69.9,0.653,56.1,-0.94,86,1
Pampa,10,16.6,1.52,69.5,67.3,0.525,81.6,-1.41,0,0
Pampa,10,20.5,-0.36,166.9,79.0,0.481,81.5,-0.04,0,0
Caatinga,6,24.7,1.61,23.6,60.5,0.119,66.6,-1.51,74,1
Caatinga,9,32.6,2.35,56.7,70.1,0.359,80.6,-1.27,96,2
Cerrado,7,27.7,1.59,131.0,76.7,0.602,75.2,-0.93,92,0
Caatinga,10,29.0,1.01,39.5,58.8,0.196,70.6,-2.01,94,2
Pantanal,1,26.6,-1.1,193.1,62.4,0.426,68.3,-0.55,15,0
Caatinga,7,29.4,0.91,20.8,66.5,0.144,61.3,-0.84,67,2
Pampa,6,20.5,2.82,26.5,100.0,0.592,41.4,-1.83,45,0
Mata Atlântica,4,20.5,-0.87,243.0,100.0,0.79,100.0,1.02,0,0
Cerrado,5,27.3,0.78,9.0,63.1,0.432,43.9,-2.44,153,1
Pantanal,10,23.7,2.63,181.8,79.3,0.585,87.7,-0.12,0,0
Pampa,7,18.4,2.07,68.9,70.7,0.491,43.7,-0.99,24,0
Amazônia,2,27.1,1.64,314.9,75.6,0.936,100.0,1.29,0,0
Cerrado,10,25.3,0.81,137.4,68.0,0.495,78.6,-0.52,74,0
Pampa,5,16.5,0.5,96.0,74.6,0.477,86.7,-1.26,0,0
Pantanal,4,23.4,2.27,138.1,76.6,0.573,79.7,-0.26,18,0
Cerrado,12,28.5,-1.23,121.5,72.1,0.654,74.3,-1.33,105,0
Cerrado,9,25.2,2.76,171.7,87.9,0.584,98.4,-0.39,61,0
Cerrado,5,25.1,1.3,123.2,80.1,0.443,64.8,-1.78,24,0
Amazônia,9,29.8,2.02,245.2,89.5,0.722,100.0,0.53,0,0
Cerrado,7,24.1,0.21,107.5,80.8,0.521,74.0,-0.95,30,0
Caatinga,5,29.1,-0.94,88.0,66.7,0.398,96.8,-1.42,60,1
Cerrado,7,17.3,1.63,104.7,73.8,0.518,92.9,-0.56,0,0
Pampa,10,24.6,-0.29,152.3,73.6,0.414,76.7,-0.88,51,0
Pantanal,9,26.0,-0.68,103.7,81.2,0.616,31.4,-0.68,57,0
Pantanal,3,21.7,0.26,124.3,64.5,0.586,72.0,-1.19,17,0
Pampa,4,19.2,-0.47,170.7,82.6,0.484,75.0,-0.14,0,0
Pampa,3,18.9,-0.35,127.8,87.4,0.602,79.5,-0.33,9,0
Mata Atlântica,11,21.6,1.48,223.5,96.4,0.743,100.0,0.48,0,0
Mata Atlântica,9,16.1,1.84,243.4,87.1,0.768,100.0,0.55,0,0
Pantanal,2,32.0,1.05,170.7,72.1,0.602,36.6,-0.33,31,0
Amazônia,10,24.4,-0.15,278.0,86.2,0.736,100.0,0.93,0,0
Mata Atlântica,9,23.6,0.97,219.8,86.5,0.75,89.7,1.0,0,0
Caatinga,12,31.6,0.09,43.2,61.0,0.176,56.7,-1.55,93,2
Pampa,9,20.1,2.19,154.7,59.7,0.395,79.0,-0.96,0,0
Amazônia,1,31.9,-0.51,280.8,81.8,0.634,100.0,0.8,0,0
Amazônia,7,34.4,1.26,302.7,82.2,0.831,100.0,1.34,0,0
Pantanal,11,25.2,0.24,169.8,72.4,0.485,89.5,0.07,9,0
Amazônia,5,27.7,1.59,295.1,74.7,0.751,100.0,1.74,0,0
Pampa,3,12.5,2.39,126.3,82.0,0.509,87.1,-0.66,0,0
Pampa,7,22.0,-0.21,65.0,75.8,0.55,60.2,-1.43,41,0
Pampa,11,20.0,0.35,122.0,76.0,0.363,93.6,-0.28,13,0
Caatinga,3,33.3,2.89,24.8,72.1,0.273,60.1,-2.04,117,2
Mata Atlântica,2,22.2,0.93,160.5,98.1,0.871,87.2,-0.72,23,0
Pantanal,8,27.9,0.93,135.7,66.4,0.604,73.6,0.53,47,0
Mata Atlântica,7,20.0,-0.84,186.6,86.5,0.728,74.9,-0.66,0,0
Amazônia,9,26.4,0.26,286.0,94.1,0.824,100.0,2.16,0,0
Mata Atlântica,1,21.0,0.86,199.9,76.4,0.638,84.4,-0.11,0,0
Pantanal,4,24.0,2.25,82.5,73.2,0.6,52.0,-1.3,32,0
Cerrado,8,21.9,-0.17,32.0,72.4,0.48,65.4,-2.13,94,1
Mata Atlântica,2,24.1,-0.42,111.0,82.5,0.736,72.6,-2.1,2,0
Mata Atlântica,7,22.3,1.58,134.0,92.4,0.819,82.3,-1.23,29,0
Pantanal,7,25.5,1.96,79.7,75.7,0.596,79.4,-0.13,57,0
Cerrado,3,25.4,-0.87,127.5,77.2,0.581,66.6,-0.87,96,0
Cerrado,1,29.7,-0.08,172.1,79.3,0.636,87.2,0.41,56,0
Pampa,8,15.4,-0.3,102.9,75.5,0.585,52.4,-0.47,23,0
Pantanal,8,27.1,2.28,113.1,67.8,0.619,72.7,-1.03,16,0
Amazônia,1,36.1,3.03,291.6,69.1,0.746,100.0,0.99,43,0
Pampa,8,15.2,2.17,155.1,73.4,0.489,71.2,0.51,0,0
Amazônia,1,32.1,-1.35,404.5,76.2,0.885,100.0,1.83,0,0
Mata Atlântica,4,25.1,0.81,219.5,79.5,0.691,100.0,0.99,0,0
Cerrado,10,19.7,0.58,201.7,82.7,0.562,79.3,-0.01,0,0
Cerrado,12,29.6,1.31,167.5,72.5,0.493,94.6,-0.22,21,0
Pantanal,9,27.7,1.9,186.1,75.8,0.562,63.0,-0.27,49,0
Mata Atlântica,7,19.5,0.0,175.3,84.7,0.871,58.0,-0.25,0,0
Mata Atlântica,1,28.2,0.72,209.3,82.8,0.791,100.0,0.24,3,0
Amazônia,4,27.6,1.69,263.0,91.0,0.796,82.5,0.46,0,0
Pampa,10,20.8,-0.81,59.6,73.8,0.523,54.2,-0.75,38,1
Pantanal,10,27.1,0.9,191.5,89.6,0.627,90.3,-0.58,0,0
Pampa,8,20.9,-1.38,193.0,81.1,0.499,77.9,-0.03,0,0
Pampa,9,15.2,1.75,160.5,84.4,0.556,92.0,-0.41,0,0
Pantanal,11,26.2,1.67,91.0,89.2,0.618,79.3,-0.46,83,0
Pantanal,3,34.0,1.7,136.6,74.9,0.652,48.8,-1.25,86,1
Pampa,7,17.0,1.51,62.5,82.3,0.448,50.1,-1.4,33,0
Mata Atlântica,7,23.8,-0.15,161.2,81.7,0.778,97.1,-0.21,21,0
Pantanal,2,26.9,1.89,123.6,80.0,0.554,68.6,-0.25,40,0
Mata Atlântica,10,21.6,1.42,191.5,88.6,0.81,75.5,1.05,0,0
Mata Atlântica,12,25.2,-0.18,200.6,94.6,0.835,77.4,0.41,18,0
Caatinga,1,29.4,2.44,96.2,61.5,0.271,73.1,-1.61,42,1
Pampa,5,21.7,0.61,98.5,88.3,0.344,53.7,-0.79,18,1
Amazônia,3,28.8,-0.27,255.1,61.2,0.756,100.0,0.44,0,0
Amazônia,3,26.2,-1.25,266.0,83.4,0.841,100.0,1.16,0,0
Amazônia,9,22.9,1.0,272.9,88.8,0.769,93.0,0.83,0,0
Pampa,9,16.5,4.32,82.0,83.7,0.643,52.5,-1.29,0,0
Caatinga,10,31.8,1.17,78.3,75.5,0.495,61.8,-1.74,108,1
Amazônia,7,26.3,0.79,189.8,87.0,0.732,100.0,0.7,0,0
Caatinga,12,32.9,-1.03,66.4,72.1,0.318,53.2,-1.61,77,1
Pampa,10,19.3,0.25,196.9,76.4,0.591,82.2,0.6,0,0
Caatinga,2,30.0,2.08,75.6,72.8,0.42,84.4,-0.27,70,1
Pampa,1,21.5,1.61,114.9,70.7,0.589,41.8,-0.55,2,0
Cerrado,10,22.3,-1.0,174.5,83.7,0.502,91.8,0.53,0,0
Pampa,1,18.1,-0.94,163.3,70.7,0.437,50.7,-0.38,0,0
Pantanal,7,24.5,3.09,113.2,71.9,0.48,61.4,-0.38,9,0
Pampa,8,17.5,1.01,154.9,72.8,0.421,82.4,-0.12,0,0
Mata Atlântica,10,17.2,-0.41,172.1,86.4,0.605,81.7,0.33,0,0
Caatinga,6,36.7,2.48,75.5,73.9,0.542,50.1,-1.7,97,1
Caatinga,3,33.0,1.54,4.1,63.9,0.271,43.5,-2.04,53,2
Caatinga,10,30.6,0.36,83.7,56.1,0.211,79.7,-1.72,63,1
Mata Atlântica,11,17.7,0.99,254.8,91.1,0.867,100.0,0.67,0,0
Cerrado,5,26.2,-0.19,93.2,81.5,0.562,76.9,-0.8,111,0
Cerrado,10,28.3,-0.24,101.9,63.1,0.424,79.0,-1.07,91,1
Mata Atlântica,11,20.9,1.35,148.0,80.8,0.924,57.5,0.03,0,0
Cerrado,8,26.2,0.8,57.5,61.3,0.481,42.7,-1.27,133,1
Mata Atlântica,6,18.4,0.88,131.5,81.9,0.643,74.3,0.26,0,0
Cerrado,11,25.8,0.67,169.2,93.5,0.561,82.5,0.32,78,0
Cerrado,8,21.6,-2.33,73.1,81.4,0.445,70.0,-1.06,54,0
Pantanal,4,24.9,1.62,111.8,68.0,0.567,83.9,-0.77,32,0
Mata Atlântica,4,28.0,-0.89,245.6,76.9,0.742,100.0,1.13,11,0
Caatinga,10,24.1,1.27,29.2,80.6,0.249,47.1,-1.23,77,1
Amazônia,1,28.0,-0.26,310.2,84.8,0.9,100.0,0.55,0,0
Pantanal,6,28.6,-0.89,115.3,80.6,0.49,54.9,-0.14,46,0
Pampa,8,16.6,0.92,131.3,69.4,0.468,70.9,-1.14,26,0
Amazônia,9,26.5,0.96,313.7,61.0,0.736,100.0,1.02,0,0
Cerrado,3,28.6,-0.31,142.5,67.0,0.608,58.7,-1.38,116,0
Pantanal,5,27.9,1.77,122.9,68.3,0.629,61.8,-0.4,35,0
Mata Atlântica,11,24.2,0.3,257.7,87.7,0.701,100.0,0.22,0,0
Amazônia,11,25.1,0.89,296.3,89.3,0.806,87.5,0.93,0,0
Pantanal,7,26.2,0.4,50.4,85.0,0.591,78.6,-2.56,64,1
Caatinga,8,24.0,0.59,0.0,59.8,0.139,62.1,-1.98,76,2
Mata Atlântica,12,26.0,0.71,300.1,83.6,0.749,100.0,0.85,0,0
Pampa,2,16.1,1.39,165.3,70.2,0.453,80.4,0.7,0,0
Mata Atlântica,7,22.9,1.12,143.6,80.5,0.785,60.6,-1.12,8,0
Pantanal,10,27.3,0.93,143.2,70.6,0.597,68.3,-0.3,45,0
Pampa,10,20.0,1.81,177.2,75.5,0.703,78.3,-0.16,0,0
Mata Atlântica,5,26.0,-1.52,223.3,85.6,0.724,100.0,0.27,0,0
Caatinga,2,23.3,1.38,39.2,83.3,0.375,49.7,-1.42,53,1
Caatinga,3,34.1,0.21,13.1,55.4,0.246,30.4,-1.86,88,2
Pantanal,4,21.8,-0.78,203.4,86.0,0.8,100.0,-0.29,0,0
Pantanal,7,24.4,0.51,90.5,72.2,0.463,88.4,-0.7,49,0
Pantanal,4,26.4,2.22,207.0,70.0,0.557,91.8,-0.52,34,0
Amazônia,4,28.1,1.55,269.3,86.3,0.816,100.0,0.94,0,0
Caatinga,1,31.7,0.39,64.5,65.4,0.348,53.8,-1.33,47,1
Pampa,7,19.5,0.76,73.5,75.4,0.505,72.8,-0.82,17,0
Cerrado,1,29.1,0.05,132.8,77.0,0.533,86.2,-0.81,83,1
Cerrado,5,21.1,-0.84,105.2,71.5,0.595,35.0,-1.11,8,0
Cerrado,10,24.9,-0.69,148.6,74.4,0.567,100.0,0.13,53,0
Amazônia,1,24.1,1.87,307.2,89.5,0.824,100.0,1.16,0,0
Caatinga,11,34.2,0.18,0.0,54.1,0.234,45.0,-1.71,130,2
Cerrado,5,26.1,1.55,140.7,62.4,0.471,73.4,-0.54,50,0
Caatinga,1,27.5,0.4,106.0,66.3,0.396,89.5,-0.53,44,0
Amazônia,11,28.1,0.63,307.9,74.6,0.721,100.0,1.31,0,0
Amazônia,11,27.0,0.79,212.1,85.9,0.968,99.1,0.03,0,0
Cerrado,9,27.1,0.65,147.8,62.6,0.703,97.4,-0.56,0,0
Pantanal,11,30.3,-0.18,207.7,69.1,0.618,100.0,-1.14,20,0
Pampa,8,19.7,0.77,118.0,92.1,0.649,68.9,-0.54,10,0
Mata Atlântica,12,26.3,1.37,223.8,87.7,0.66,100.0,-0.27,0,0
Caatinga,11,31.1,4.31,0.0,43.9,0.131,41.8,-1.64,88,2
Mata Atlântica,1,24.7,-1.87,181.2,76.3,0.799,59.3,-0.88,0,0
Caatinga,3,27.1,2.17,67.9,58.5,0.328,68.9,-1.13,62,0
Amazônia,4,29.0,1.74,244.2,89.2,0.711,100.0,0.69,0,0
Mata Atlântica,10,17.0,0.63,182.1,91.0,0.829,79.2,-0.87,0,0
Amazônia,9,31.2,-0.71,286.7,85.0,0.847,100.0,0.33,0,0
Amazônia,1,36.3,-2.28,278.6,68.8,0.661,89.2,0.69,22,0
Cerrado,1,29.3,2.13,151.8,66.9,0.507,60.6,-0.24,68,0
Caatinga,4,30.5,1.1,0.0,69.3,0.241,25.8,-1.5,87,2
Caatinga,10,32.2,-0.21,12.9,59.2,0.237,56.8,-0.43,124,2
Cerrado,1,30.2,0.63,100.9,65.8,0.419,64.5,-0.44,78,0
Caatinga,8,25.0,1.44,0.0,68.0,0.261,62.1,-2.36,93,2
Cerrado,10,29.5,1.29,120.1,71.9,0.417,100.0,-0.56,49,0
Pantanal,5,28.0,1.34,126.3,78.8,0.678,43.0,-0.39,31,0
Caatinga,11,29.9,2.23,70.4,77.5,0.46,51.6,-0.59,87,1
Mata Atlântica,8,23.8,-0.77,149.4,97.4,0.663,82.0,-0.45,5,0
Mata Atlântica,7,19.0,1.36,190.8,88.9,0.819,69.9,0.48,0,0
Amazônia,7,23.3,1.49,281.8,83.9,0.775,100.0,0.58,0,0
Pantanal,3,31.0,0.17,105.4,69.7,0.52,67.7,-1.41,63,0
Pampa,3,18.5,-0.23,87.7,74.6,0.489,56.1,-0.78,23,0
Amazônia,4,25.9,0.47,286.1,91.4,0.867,100.0,1.28,3,0
Pampa,7,20.2,1.71,119.7,65.6,0.416,74.4,-0.85,21,0
Mata Atlântica,8,27.3,-0.29,281.4,88.9,0.873,100.0,1.97,0,0
Cerrado,11,27.2,1.05,75.5,90.1,0.593,71.5,-1.57,139,0
Amazônia,11,33.1,2.66,249.2,70.3,0.718,100.0,-0.18,33,1
Amazônia,5,26.0,0.2,204.9,72.5,0.868,97.5,-0.35,8,0
Amazônia,8,28.5,-1.08,211.9,81.8,0.955,89.9,0.81,0,0
Pampa,5,16.2,3.61,139.2,79.5,0.409,93.8,-1.06,0,0
Caatinga,12,31.5,2.24,0.0,77.2,0.467,51.3,-1.88,139,2
Mata Atlântica,7,22.1,2.18,184.7,88.7,0.791,100.0,-0.82,0,0
Mata Atlântica,10,24.3,-0.9,167.4,91.7,0.857,81.9,0.04,24,0
Pampa,7,19.8,3.07,91.2,74.8,0.505,72.1,-1.83,8,0
Pantanal,12,26.7,0.91,115.2,82.5,0.658,59.3,-0.93,15,0
Amazônia,7,28.4,2.16,284.9,67.6,0.72,97.8,1.64,0,0
Pantanal,12,26.3,0.61,155.3,65.8,0.569,77.1,-0.28,3,0
Pampa,1,12.6,0.25,97.9,75.9,0.563,57.6,-0.82,0,0
Cerrado,7,22.2,2.87,119.8,88.1,0.554,57.9,-0.7,9,0
Pantanal,7,25.3,0.32,76.1,98.3,0.783,89.0,-1.82,52,0
Cerrado,11,26.1,0.77,83.6,98.1,0.529,88.4,-1.53,115,1
Amazônia,9,26.9,-1.24,272.6,98.2,0.808,78.0,-0.02,0,0
Mata Atlântica,12,23.7,3.0,191.6,80.5,0.822,100.0,0.52,0,0
Amazônia,10,33.3,1.25,237.4,82.9,0.752,90.8,0.7,49,0
Caatinga,4,31.5,-1.36,96.3,57.6,0.252,53.4,-1.02,85,2
Cerrado,6,23.0,0.08,76.7,87.1,0.663,70.0,-1.31,81,1
Pampa,2,22.4,0.56,99.0,77.1,0.376,93.9,-0.57,24,1
Pantanal,10,23.4,0.09,152.3,80.6,0.609,95.7,-0.02,2,0
Pantanal,8,26.5,1.29,41.8,72.6,0.573,39.2,-1.08,56,0
Caatinga,11,27.8,1.17,26.0,58.6,0.18,53.8,-1.3,72,1
Pantanal,1,29.4,3.29,181.1,73.4,0.704,70.0,0.24,12,0
Caatinga,6,25.2,-0.14,0.0,72.6,0.199,60.0,-2.44,61,1
Mata Atlântica,9,20.5,2.38,143.5,88.4,0.709,80.4,0.13,0,0
Amazônia,9,27.7,-0.31,283.4,81.4,0.875,100.0,0.9,0,0
Pantanal,1,28.6,-0.6,143.4,76.9,0.603,97.8,-0.78,25,0
Pampa,12,14.0,0.39,78.7,83.8,0.459,60.3,-1.47,7,1
Amazônia,6,33.0,1.67,266.1,82.9,0.881,100.0,0.59,36,0
Caatinga,3,29.5,3.27,83.9,69.6,0.379,67.9,-0.71,41,1
Cerrado,10,24.2,-0.11,174.8,80.8,0.544,67.0,-0.0,24,0
Pantanal,10,24.1,-1.4,219.1,73.4,0.678,85.9,-0.14,0,0
Mata Atlântica,11,19.8,2.91,187.6,82.8,0.807,79.8,-0.11,14,0
Mata Atlântica,4,20.7,1.24,207.3,84.9,0.785,96.4,-0.83,0,0
Cerrado,6,31.4,1.72,107.5,67.0,0.522,90.1,-1.22,82,1
Pantanal,4,30.3,2.96,149.9,70.0,0.63,100.0,-0.87,40,0
Pampa,7,22.6,0.32,148.5,68.9,0.45,83.6,-0.18,22,0
Pantanal,5,22.7,-0.01,154.6,66.5,0.501,86.4,-0.81,0,0
Mata Atlântica,8,27.5,0.74,196.6,73.4,0.732,100.0,-0.21,21,0
Cerrado,4,26.9,0.25,139.8,71.4,0.485,80.4,-0.45,71,0
Pantanal,1,29.9,-1.13,102.1,60.6,0.622,65.5,-1.34,52,0
Mata Atlântica,4,25.6,0.47,149.2,95.0,0.722,100.0,-1.04,24,0
Caatinga,7,33.2,2.66,0.0,70.4,0.351,71.4,-2.61,126,2
Cerrado,11,26.4,0.38,91.9,81.0,0.685,73.5,-2.43,89,0
Amazônia,7,26.9,0.82,282.3,88.6,0.91,100.0,0.65,0,0
Caatinga,2,31.6,0.78,43.9,67.8,0.35,68.7,-2.05,82,2
Pampa,5,16.5,0.9,89.1,58.6,0.522,65.2,-1.98,4,0
Caatinga,7,27.9,2.25,2.1,51.1,0.295,60.7,-2.44,107,1
Caatinga,8,35.0,1.64,0.4,69.3,0.347,45.0,-1.29,118,2
Amazônia,2,34.0,2.72,355.6,84.7,0.869,100.0,1.48,0,0
Pantanal,11,26.8,-0.05,189.1,84.3,0.567,100.0,0.38,10,0
Caatinga,9,31.5,1.43,102.0,61.4,0.259,48.6,-0.78,22,0
Pantanal,7,25.7,1.05,146.1,78.7,0.636,53.7,-0.05,11,0
Pantanal,3,29.8,0.8,177.5,90.5,0.658,83.1,0.34,37,0
Mata Atlântica,10,25.1,0.4,182.0,90.9,0.73,91.2,-1.24,19,0
Amazônia,3,26.5,1.9,187.9,87.6,0.88,81.6,0.58,0,0
Amazônia,6,26.0,-1.1,255.4,70.6,0.795,99.3,0.57,0,0
Mata Atlântica,9,17.0,1.13,211.9,87.3,0.627,78.3,-0.28,0,0
Mata Atlântica,9,22.7,2.11,215.3,81.6,0.786,81.1,0.48,0,0
Pampa,11,20.7,0.39,67.6,88.8,0.575,65.3,-0.57,18,0
Mata Atlântica,12,26.8,0.42,231.1,74.5,0.752,88.0,-0.02,0,0
Mata Atlântica,11,19.1,1.06,150.6,81.1,0.663,96.0,0.57,4,0
Pantanal,6,26.3,-0.56,138.7,70.0,0.642,94.6,-0.11,16,0
Mata Atlântica,2,21.6,0.76,147.4,74.1,0.747,96.1,-0.22,0,0
Pantanal,4,31.7,0.13,93.8,57.6,0.485,72.5,-1.63,56,1
Caatinga,2,32.7,2.49,79.3,73.9,0.433,90.8,-1.74,79,1
Caatinga,12,30.3,-0.26,32.5,67.1,0.092,43.4,-2.17,116,2
Mata Atlântica,9,21.9,-0.06,241.4,86.7,0.816,100.0,0.35,0,0
Pampa,4,16.1,0.22,94.9,72.1,0.595,58.5,-1.53,0,1
Amazônia,1,33.2,0.8,276.6,93.5,0.826,100.0,1.22,3,0
Mata Atlântica,11,21.5,3.56,176.2,88.1,0.882,86.3,-0.2,0,0
Amazônia,8,30.6,0.87,263.0,82.5,0.886,100.0,1.23,0,0
Amazônia,12,28.6,1.57,216.1,77.4,0.692,100.0,0.21,17,0
Pantanal,10,26.2,-0.24,199.2,67.9,0.524,100.0,-1.18,2,0
Caatinga,5,28.9,-0.91,0.0,55.2,0.285,18.4,-2.42,98,2
Mata Atlântica,2,18.1,-0.24,140.8,81.6,0.75,100.0,0.4,5,0
Cerrado,3,21.5,-0.58,119.5,74.3,0.536,62.6,-0.58,37,0
Mata Atlântica,11,23.2,0.04,152.9,71.5,0.824,76.7,-0.76,2,0
Amazônia,12,26.6,1.26,186.6,75.0,0.92,100.0,0.17,29,0
Pampa,11,20.6,0.91,154.9,69.6,0.578,78.3,0.02,19,0
Caatinga,5,33.5,-0.54,82.1,67.1,0.361,82.9,-0.97,91,1
Caatinga,11,31.7,-0.07,10.7,50.4,0.226,51.5,-1.8,99,2
Mata Atlântica,12,22.5,0.66,168.8,78.6,0.812,78.5,-0.27,28,0
Pantanal,2,26.7,2.52,175.0,82.5,0.647,76.2,-0.85,5,0
Pampa,5,16.2,0.14,160.5,68.8,0.543,56.9,-0.26,0,0
Pampa,5,15.7,-0.3,117.3,75.8,0.574,65.6,-0.28,0,0
Pantanal,8,26.8,-0.85,117.3,77.0,0.621,76.0,0.34,22,0
Caatinga,2,31.8,1.85,0.0,69.0,0.187,49.9,-1.88,114,2
Pampa,5,14.4,1.0,133.1,95.8,0.582,89.7,-1.41,0,0
Pantanal,7,25.9,-0.4,148.1,83.7,0.493,69.6,-1.25,0,0
Pampa,2,28.0,1.03,133.9,78.0,0.589,71.6,-0.41,47,0
Mata Atlântica,10,21.8,2.42,233.1,81.1,0.665,100.0,1.29,0,0
Pampa,12,24.7,-0.7,51.9,82.5,0.395,50.3,-1.62,49,1
Mata Atlântica,10,15.8,1.18,226.9,71.6,0.595,77.2,0.07,0,0
Caatinga,9,28.0,1.41,40.2,71.6,0.253,51.0,-2.06,40,1
Pampa,8,14.0,2.97,87.4,89.4,0.619,82.3,-0.9,1,0
Pampa,6,16.8,0.26,139.5,71.2,0.485,82.6,-0.87,0,0
Amazônia,2,29.0,0.84,251.5,87.6,0.772,92.8,0.8,0,0
Pampa,7,18.0,2.06,96.3,66.2,0.398,75.2,-0.55,18,1
Pantanal,9,28.2,2.54,155.3,82.8,0.653,83.1,-1.12,0,0
Amazônia,6,27.6,2.21,218.5,83.6,0.666,100.0,0.62,0,0
Cerrado,11,21.3,3.34,175.2,84.4,0.618,100.0,-0.18,0,0
Caatinga,7,27.6,1.03,19.7,52.5,0.33,37.6,-1.39,100,1
Amazônia,4,34.1,2.03,258.7,92.1,0.866,100.0,-0.21,43,1
Caatinga,4,34.2,0.82,41.4,58.2,0.178,34.9,-1.4,93,2
Pampa,1,22.8,4.51,186.7,57.9,0.353,73.8,0.76,0,0
Cerrado,8,26.6,0.33,142.4,74.1,0.544,80.0,-0.28,70,0
Pampa,7,19.9,0.14,104.6,85.1,0.548,79.3,-1.34,30,0
Pantanal,9,25.7,1.03,176.5,75.6,0.522,92.3,0.26,41,0
Amazônia,9,31.1,2.01,314.2,89.4,0.873,100.0,1.97,0,0
Mata Atlântica,8,19.8,0.22,165.4,88.8,0.902,83.7,0.2,0,0
Pampa,4,18.4,1.89,192.1,68.3,0.458,46.2,-0.22,0,0
Pantanal,1,32.1,-0.82,230.9,69.3,0.736,100.0,-0.5,0,1
Mata Atlântica,1,24.9,-0.56,222.7,92.8,0.887,99.9,1.19,3,0
Pantanal,10,31.4,-0.54,145.1,74.7,0.644,91.6,0.64,77,0
Amazônia,5,31.3,0.73,189.0,100.0,0.804,71.0,-0.12,54,0
Mata Atlântica,9,18.9,0.49,267.5,92.0,0.77,100.0,0.36,0,0
Mata Atlântica,5,20.7,0.33,134.1,100.0,0.86,94.0,0.47,2,0
Amazônia,8,30.2,3.18,322.8,87.0,0.813,100.0,0.94,0,0
Pantanal,12,30.0,1.73,87.5,92.2,0.7,38.9,-1.38,54,0
Cerrado,3,21.4,-1.16,88.1,88.2,0.534,71.3,0.66,46,0
Cerrado,3,31.1,-0.5,106.8,73.1,0.544,57.1,-0.94,152,0
Pampa,3,14.6,2.31,131.7,67.1,0.475,64.2,-0.98,0,0
Caatinga,3,27.9,1.45,90.9,65.1,0.416,57.3,-2.03,44,1
Pantanal,5,26.7,0.84,159.4,70.1,0.655,92.8,-0.79,25,0
Caatinga,6,30.1,3.49,49.1,69.6,0.285,83.9,-0.9,71,1
Mata Atlântica,2,19.3,-0.01,283.3,99.8,0.84,100.0,0.85,0,0
Mata Atlântica,10,25.1,1.87,199.3,73.5,0.629,75.8,0.65,2,0
Pantanal,8,23.1,0.4,90.4,98.2,0.598,72.2,-1.11,42,0
Amazônia,11,24.6,-0.45,283.7,81.5,0.932,88.7,1.0,0,0
Pantanal,9,20.0,-1.01,127.9,70.3,0.649,87.1,-0.9,0,0
Cerrado,8,25.3,2.34,102.6,78.1,0.525,83.0,-0.75,77,0
Mata Atlântica,8,23.6,0.75,191.3,73.6,0.8,75.1,0.94,22,0
Pantanal,11,25.9,0.53,178.0,82.5,0.45,87.1,0.31,18,0
Cerrado,7,26.4,1.08,61.1,76.8,0.51,75.4,-2.09,161,1
Pantanal,10,28.1,0.5,135.9,74.9,0.579,79.9,-1.04,39,0
Cerrado,7,23.7,0.91,87.7,78.6,0.429,100.0,-0.24,98,1
Amazônia,9,25.8,1.51,317.7,93.0,0.802,100.0,1.38,0,0
Pampa,1,21.5,2.6,66.4,78.7,0.431,45.8,-1.41,26,1
Pampa,4,18.1,0.4,123.1,77.3,0.414,67.6,-0.57,12,0
Caatinga,12,34.9,-1.2,60.8,61.4,0.368,33.3,-2.38,90,2
Pantanal,4,29.4,-0.61,129.4,71.1,0.692,50.8,-0.28,72,0
Amazônia,2,32.5,1.39,219.5,62.7,0.822,88.3,0.13,9,0
Amazônia,7,34.8,1.89,222.2,82.8,0.823,96.4,-0.11,40,0
Pantanal,4,32.3,1.01,140.1,74.0,0.41,54.2,-0.11,60,0
Cerrado,12,29.2,2.76,118.8,64.8,0.513,65.3,-1.04,122,0
Pantanal,3,25.0,-0.76,112.5,80.3,0.558,65.0,-0.93,0,0
Amazônia,3,24.2,-1.02,236.7,88.6,0.713,97.9,1.11,0,0
Pampa,11,21.5,0.63,69.0,84.7,0.499,81.7,-1.49,29,0
Cerrado,2,26.6,-2.8,93.4,63.7,0.413,66.7,-1.42,113,0
Cerrado,2,29.1,-0.66,96.4,65.7,0.431,33.9,-1.06,86,1
Caatinga,9,34.4,0.84,44.1,50.2,0.246,51.9,-1.03,99,2
Mata Atlântica,12,25.4,0.63,198.1,89.7,0.787,81.9,-0.43,14,0
Pantanal,9,25.0,0.03,207.4,66.7,0.676,86.0,-0.47,2,0
Mata Atlântica,7,24.6,1.49,144.4,89.2,0.765,87.9,-0.27,3,0
Caatinga,7,34.5,-0.16,0.0,75.1,0.263,55.9,-2.66,109,2
Cerrado,5,25.4,2.23,147.3,78.2,0.538,75.4,-0.03,0,0
Pampa,10,20.9,2.52,158.2,78.2,0.648,76.2,-0.97,0,0
Caatinga,11,23.8,-1.45,43.6,67.1,0.215,50.4,-1.09,90,1
Pampa,3,18.9,-0.42,99.5,74.7,0.588,68.3,-0.93,16,0
Amazônia,7,30.1,-0.8,213.0,89.6,0.774,82.4,-0.9,35,0
Amazônia,6,24.7,2.27,240.2,83.7,0.79,100.0,0.26,0,0
Mata Atlântica,10,25.0,1.29,236.1,85.7,0.71,94.3,0.24,0,0
Mata Atlântica,6,26.9,-0.77,149.3,88.8,0.939,71.7,0.18,0,0
Amazônia,5,30.7,2.69,235.5,88.1,0.767,92.6,-0.03,14,0
Caatinga,3,31.0,-0.06,0.0,66.6,0.23,60.0,-1.35,122,1
Mata Atlântica,11,23.1,0.7,278.6,80.2,0.615,98.9,0.74,0,0
Caatinga,2,31.3,0.92,46.0,52.5,0.251,59.4,-1.71,59,2
Caatinga,1,31.4,-1.32,59.4,62.1,0.319,57.0,-2.36,71,2
Cerrado,4,25.4,0.8,122.6,71.9,0.531,81.5,-0.61,48,0
Caatinga,10,29.8,1.67,85.0,76.4,0.365,48.3,-1.98,89,1
Mata Atlântica,4,24.5,2.13,163.5,86.0,0.777,87.9,-0.68,7,0
Pantanal,9,33.7,-1.49,152.3,78.0,0.686,79.9,-0.89,64,0
Mata Atlântica,5,24.7,1.96,119.0,95.3,0.817,72.7,-0.92,19,0
Cerrado,9,23.5,1.31,92.8,76.9,0.486,60.2,-1.15,120,0
Cerrado,6,27.7,0.11,82.9,72.3,0.562,68.8,-1.11,81,0
Caatinga,8,31.8,0.73,44.1,65.2,0.21,76.3,-1.08,85,2
Caatinga,5,29.4,1.24,62.4,85.9,0.441,62.1,-1.42,64,1
Amazônia,10,23.0,0.66,260.0,94.2,0.842,100.0,0.92,0,0
Amazônia,9,25.9,-0.07,321.9,85.3,0.846,100.0,1.86,0,0
Pampa,1,19.5,2.18,96.0,75.1,0.702,80.9,-1.01,10,0
Cerrado,10,28.3,0.21,167.0,64.4,0.588,100.0,-0.63,139,0
Mata Atlântica,2,24.9,-0.9,181.4,76.8,0.743,65.8,-0.22,27,0
Caatinga,6,24.3,0.57,35.2,77.9,0.233,26.9,-1.81,65,1
Pampa,8,16.4,1.02,169.6,72.5,0.566,92.4,-0.68,0,0
Pampa,9,17.5,-0.66,152.5,93.5,0.562,80.3,-0.73,18,0
Mata Atlântica,5,22.3,0.02,216.7,83.7,0.737,68.8,0.46,0,0
Amazônia,11,24.2,1.18,331.6,89.0,0.795,100.0,0.86,0,0
Pantanal,8,26.3,2.09,117.4,81.6,0.664,83.5,-0.65,0,0
Cerrado,6,20.1,2.15,101.5,79.1,0.434,56.2,-0.78,61,0
Pantanal,7,22.8,0.75,159.1,67.4,0.578,100.0,0.27,41,0
Pampa,6,16.1,2.04,165.5,83.5,0.438,76.2,-0.62,0,0
Caatinga,1,27.3,-2.29,17.5,56.5,0.164,64.1,-0.65,77,1
Pampa,4,15.8,-0.3,96.1,75.8,0.339,58.2,-1.3,4,1
Amazônia,2,30.9,-0.43,287.4,95.1,0.75,100.0,0.78,0,0
Pampa,8,20.6,2.77,177.1,76.5,0.461,84.6,0.17,0,0
Caatinga,2,35.5,-0.93,42.5,62.4,0.321,44.3,-1.98,97,2
Amazônia,9,28.6,0.54,329.4,100.0,0.779,100.0,1.67,0,0
Cerrado,8,29.8,3.11,0.0,62.1,0.453,41.4,-2.35,152,2
Pantanal,7,22.1,3.2,130.1,84.6,0.575,72.4,-0.72,19,0
Pantanal,4,29.9,-0.5,181.6,68.4,0.55,87.6,-0.83,7,0
Caatinga,9,32.6,1.6,93.4,80.4,0.337,68.9,-0.47,77,1
Mata Atlântica,7,22.1,1.39,246.5,78.5,0.791,84.5,-0.05,0,0
Mata Atlântica,2,26.8,0.7,227.0,73.7,0.701,97.7,-0.77,14,0
Caatinga,12,29.9,-1.58,85.5,73.0,0.308,70.6,-1.87,61,1
Amazônia,9,29.3,0.85,259.2,86.7,0.736,94.5,0.54,67,0
Pantanal,1,32.5,0.22,196.5,76.6,0.635,79.1,-1.23,1,1
Cerrado,3,25.9,-1.31,152.8,82.0,0.639,51.6,-0.95,4,0
Cerrado,4,23.6,1.03,140.5,80.1,0.56,70.8,-0.51,63,0
Cerrado,5,24.7,1.14,114.7,77.5,0.534,76.8,-0.62,56,0
Caatinga,12,33.6,-0.17,29.8,52.3,0.215,65.9,-1.76,104,2
Mata Atlântica,6,20.1,-1.34,201.1,85.3,0.862,100.0,-0.28,0,0
Mata Atlântica,8,21.2,4.65,166.4,70.0,0.692,80.7,0.3,0,0
Caatinga,11,29.5,1.38,103.0,58.7,0.431,80.8,-0.37,45,0
Pantanal,7,25.3,0.48,172.5,60.8,0.552,65.9,-0.93,15,0
Amazônia,6,18.3,1.47,261.9,89.1,0.82,82.5,0.65,0,0
Pantanal,10,28.8,1.57,133.6,76.7,0.594,91.7,-0.61,75,0
Cerrado,3,32.6,0.32,123.2,73.4,0.243,62.6,-1.04,101,1
Pantanal,2,30.8,-0.14,87.6,75.2,0.514,77.1,-0.81,52,0
Cerrado,12,27.5,2.12,88.5,74.1,0.444,51.0,-0.03,82,1
Mata Atlântica,4,24.0,-0.64,218.6,72.3,0.632,100.0,0.81,0,0
Mata Atlântica,10,23.8,-1.16,217.2,93.6,0.69,100.0,0.04,0,0
Pampa,9,17.2,1.2,81.6,77.7,0.469,60.8,-1.18,18,0
Pantanal,2,35.0,0.48,108.3,81.3,0.638,50.0,-1.01,86,1
Pantanal,4,29.7,0.97,184.0,62.2,0.558,75.6,-0.06,46,0
Cerrado,3,26.9,2.03,79.8,65.7,0.559,77.0,-2.03,85,0
Amazônia,7,26.2,-0.01,257.6,80.9,0.881,88.5,0.83,0,0
Amazônia,12,28.9,0.6,299.6,87.9,0.831,100.0,1.05,0,0
Mata Atlântica,5,22.3,0.92,178.0,91.6,0.725,75.9,0.27,5,0
Caatinga,11,26.7,1.78,0.0,81.5,0.344,49.6,-2.74,51,1
Pampa,7,22.6,1.75,120.3,74.1,0.422,86.2,-1.01,29,0
Mata Atlântica,6,27.3,0.39,218.9,86.7,0.712,89.9,0.55,20,0
Amazônia,2,34.2,1.25,381.3,77.0,0.778,100.0,1.85,0,0
Mata Atlântica,3,21.8,-0.7,290.3,77.6,0.795,98.2,0.95,0,0
Pantanal,6,28.7,1.1,135.3,81.9,0.73,63.3,-0.84,1,0
Amazônia,3,23.9,0.91,242.9,88.9,0.885,100.0,0.48,0,0
Pampa,5,21.2,0.04,83.7,84.7,0.537,71.6,-1.08,39,0
Mata Atlântica,1,26.0,2.42,198.5,91.9,0.769,87.2,0.3,0,0
Mata Atlântica,10,23.6,-0.73,232.5,97.5,0.758,100.0,0.02,0,0
Amazônia,6,26.1,0.56,225.3,87.7,0.856,100.0,-0.35,0,0
Mata Atlântica,7,21.3,0.59,136.1,82.2,0.794,68.7,-0.32,9,0
Mata Atlântica,3,24.0,-0.26,288.4,83.8,0.687,100.0,0.01,0,0
Cerrado,10,26.2,-0.76,57.1,82.1,0.577,41.3,-2.24,110,1
Amazônia,5,24.8,0.77,292.4,88.4,0.853,100.0,1.67,0,0
Pampa,11,15.9,0.63,158.9,84.8,0.292,84.9,0.09,0,0
Pampa,10,21.4,-0.13,213.7,77.9,0.422,100.0,-0.41,0,0
Pampa,8,15.4,1.86,133.9,71.3,0.563,76.4,0.12,0,0
Caatinga,12,34.6,2.04,40.2,72.9,0.333,48.7,-1.02,93,2
Amazônia,5,29.8,0.95,238.2,95.5,0.899,60.2,0.74,24,0
Cerrado,12,26.5,-0.23,85.5,81.1,0.671,46.5,-1.7,71,1
Pantanal,3,28.5,0.92,120.0,88.3,0.674,58.5,-0.93,80,0
Pantanal,9,27.2,4.05,171.7,82.6,0.441,78.0,0.36,39,0
Caatinga,7,33.5,0.11,57.5,68.8,0.443,47.3,-1.49,86,2
Caatinga,3,31.6,0.99,45.2,59.9,0.19,59.2,-1.98,114,2
Cerrado,2,31.8,-0.31,192.2,72.2,0.588,60.8,-0.31,59,0
Pantanal,2,28.4,1.82,121.0,97.2,0.627,76.3,-0.95,36,0
Cerrado,2,26.7,3.9,161.9,75.9,0.465,71.0,-0.57,53,0
Caatinga,4,24.3,0.06,38.0,60.9,0.285,38.4,-1.75,76,1
Cerrado,3,33.4,1.46,115.6,66.7,0.626,86.8,-1.69,112,1
Amazônia,6,25.7,0.63,216.5,94.4,0.688,97.4,0.7,0,0
Pampa,9,14.7,2.74,83.3,74.1,0.602,57.4,-0.91,0,0
Cerrado,4,22.8,1.11,185.5,80.9,0.586,97.1,-0.24,0,0
Amazônia,6,24.6,-1.34,238.1,79.3,0.912,85.6,0.8,0,0
Pampa,8,13.3,1.77,118.2,82.9,0.426,78.6,-0.24,0,0
Pantanal,7,30.8,0.98,219.0,67.3,0.621,91.8,0.03,23,0
Pampa,3,19.5,0.93,116.5,57.2,0.44,90.4,-0.8,9,0
Cerrado,7,17.2,1.82,44.2,76.4,0.359,57.1,-0.92,78,1
Pampa,12,25.2,0.67,156.5,78.6,0.516,68.2,0.27,11,0
Amazônia,2,30.8,-0.2,345.3,96.4,0.727,100.0,0.68,0,0
Amazônia,12,30.8,1.3,292.8,78.3,0.809,100.0,2.51,0,0
Cerrado,10,30.2,1.18,109.3,71.6,0.552,82.4,-1.32,19,0
Pampa,4,22.7,0.54,123.1,73.9,0.519,87.5,-0.22,48,0
Pantanal,3,27.3,-2.52,170.7,73.2,0.589,66.4,0.59,46,0
Caatinga,3,35.6,0.16,0.0,67.6,0.38,44.1,-1.2,102,2
Mata Atlântica,11,24.3,-0.38,220.6,62.8,0.661,100.0,0.41,0,0
Pampa,6,15.1,-0.43,15.1,69.1,0.464,44.3,-1.24,40,0
Caatinga,3,30.2,2.31,29.0,47.6,0.157,69.3,-1.97,108,2
Pampa,12,20.0,-0.71,117.6,65.2,0.578,100.0,-1.43,21,0
Pampa,10,12.8,1.43,180.6,71.2,0.422,71.6,-0.45,0,0
Pampa,10,18.8,1.42,104.0,69.3,0.571,75.8,-1.5,0,0
Caatinga,6,34.8,1.47,28.5,68.9,0.194,59.3,-0.53,118,2
Pampa,5,18.1,0.29,132.8,73.4,0.419,95.5,-0.19,0,0
Cerrado,8,25.5,-0.32,103.7,72.8,0.478,69.8,0.0,44,0
Pampa,7,22.2,4.58,88.7,76.3,0.429,74.8,-1.69,50,1
Pampa,2,27.9,0.68,132.4,67.0,0.603,60.3,-1.04,43,0
Pampa,6,23.2,0.44,117.2,75.7,0.527,69.5,-0.86,34,0
Amazônia,3,24.6,0.66,361.8,88.5,0.862,100.0,1.09,0,0
Mata Atlântica,10,24.2,1.76,246.9,81.2,0.794,98.2,0.18,0,0
Pampa,2,17.8,0.77,52.0,93.4,0.556,32.1,-1.2,25,0
Amazônia,6,27.0,-2.97,193.2,73.1,0.838,77.4,0.15,43,0
Pantanal,8,28.5,1.9,149.5,77.2,0.533,89.5,0.12,56,0
Pantanal,1,28.4,-0.33,157.4,81.6,0.627,63.3,-0.31,21,0
Pantanal,11,32.4,1.18,153.3,85.6,0.598,65.9,-0.55,66,0
Amazônia,10,31.9,2.63,296.9,83.3,0.831,100.0,1.68,0,0
Pantanal,3,25.3,2.76,214.2,74.5,0.659,90.9,0.55,0,0
Caatinga,4,29.1,-0.78,78.7,54.0,0.272,49.6,-1.88,97,2
Cerrado,3,21.3,-0.3,157.5,80.1,0.548,86.4,-0.88,32,0
Mata Atlântica,8,21.5,1.21,123.8,91.6,0.734,92.0,-0.61,0,0
Amazônia,4,30.9,-1.13,253.3,82.3,0.771,100.0,0.92,25,0
Mata Atlântica,10,20.9,-0.44,134.8,85.2,0.71,100.0,0.14,33,0
Caatinga,12,32.5,-0.03,41.8,65.7,0.356,100.0,-2.53,108,2
Mata Atlântica,2,24.3,2.2,216.1,90.9,0.893,86.1,0.91,0,0
Amazônia,5,33.7,1.01,244.2,72.1,0.718,80.0,1.71,0,0
Amazônia,12,29.7,-0.28,281.5,76.9,0.852,100.0,1.04,0,0
Amazônia,7,29.1,1.98,306.5,74.4,0.804,100.0,0.94,0,0
Caatinga,11,34.3,1.08,18.3,64.3,0.307,28.7,-2.16,133,2
Mata Atlântica,3,17.4,0.25,173.1,93.0,0.777,54.1,0.01,0,0
Pantanal,7,30.2,1.32,131.8,73.2,0.713,98.2,-1.39,36,0
Cerrado,4,26.2,1.37,194.7,84.6,0.6,71.4,-0.78,0,0
Amazônia,12,28.1,-0.17,327.2,71.8,0.768,100.0,1.61,0,0
Caatinga,7,29.8,1.53,65.1,51.5,0.175,63.2,-1.01,73,1
Amazônia,4,30.9,0.47,344.2,85.9,0.908,100.0,1.37,0,0
Mata Atlântica,10,21.1,2.93,168.8,84.5,0.65,86.0,-0.25,0,0
Caatinga,3,30.3,2.37,64.6,52.2,0.346,62.9,-1.57,62,1
Caatinga,4,37.1,-0.16,125.9,65.7,0.344,73.8,-0.06,92,1
Amazônia,6,24.5,1.77,312.7,93.3,0.782,100.0,0.83,0,0
Mata Atlântica,9,18.3,1.85,176.1,89.0,0.734,73.0,0.56,0,0
Caatinga,8,23.6,0.39,2.1,68.8,0.308,57.7,-1.85,85,1
Mata Atlântica,12,27.1,3.2,230.1,92.1,0.752,91.9,0.27,1,0
Pantanal,9,30.2,2.26,76.3,83.1,0.62,51.4,-1.96,78,0
Caatinga,10,33.3,1.56,0.0,45.6,0.134,66.2,-2.93,100,2
Mata Atlântica,11,19.9,2.56,197.7,92.5,0.678,100.0,-0.67,0,0
Caatinga,9,29.8,3.14,37.2,69.0,0.254,57.1,-1.46,95,2
Cerrado,12,25.9,-1.66,126.1,69.2,0.488,70.1,-0.73,94,0
Amazônia,9,28.7,-1.51,261.0,72.0,0.753,98.4,1.99,26,0
Pantanal,11,24.2,2.59,176.9,62.4,0.58,78.9,0.66,26,0
Pampa,11,19.5,1.39,187.0,83.5,0.527,79.9,-0.17,7,0
Amazônia,2,28.2,3.17,270.1,88.6,0.822,100.0,0.87,0,0
Caatinga,11,27.7,1.44,11.6,57.9,0.26,65.0,-1.67,57,1
Mata Atlântica,8,24.7,2.24,205.5,85.3,0.656,87.3,0.63,10,0
Pantanal,1,28.0,-0.82,167.9,73.3,0.512,77.8,-0.91,1,0
Caatinga,6,31.0,1.66,0.0,58.3,0.211,59.1,-0.64,91,1
Caatinga,6,32.5,1.4,17.0,60.8,0.291,45.4,-2.02,97,2
Cerrado,2,29.5,1.08,148.2,82.4,0.577,90.0,-0.76,48,0
Pampa,9,19.8,-1.79,116.7,82.2,0.526,75.9,-1.34,20,0
Pampa,8,21.3,2.4,117.1,91.3,0.485,73.9,-0.74,26,0
Cerrado,5,21.0,0.76,79.9,84.6,0.64,50.4,-0.25,95,0
Caatinga,7,36.0,0.02,0.0,66.9,0.115,48.6,-2.36,135,2
Pantanal,4,27.9,-2.37,175.8,75.1,0.735,95.8,0.15,8,0
Pampa,12,21.3,1.77,158.4,84.7,0.522,72.8,-0.37,0,0
Mata Atlântica,9,21.0,1.71,266.6,83.2,0.819,100.0,0.91,0,0
Mata Atlântica,11,23.6,0.37,177.1,79.8,0.682,84.9,-0.68,0,0
Pampa,4,14.7,1.11,112.4,74.1,0.477,86.2,-1.1,0,0
Cerrado,12,25.1,0.46,95.5,87.9,0.392,56.6,-0.61,59,1
Amazônia,4,27.3,-0.31,327.1,81.9,0.79,100.0,1.75,0,0
Caatinga,11,29.3,1.25,5.1,66.6,0.123,41.8,-1.69,92,2
Caatinga,6,31.0,0.44,37.9,65.3,0.215,71.3,-1.59,92,2
Pampa,10,16.8,0.61,149.5,79.1,0.448,85.4,-0.68,0,0
Mata Atlântica,12,21.9,-1.75,196.2,97.6,0.783,81.6,-0.97,0,0
Caatinga,5,30.4,-0.99,81.8,65.7,0.397,70.5,-1.89,89,2
Pantanal,3,31.4,1.15,178.3,71.8,0.57,100.0,-0.04,42,0
Pampa,11,13.8,0.55,110.5,78.3,0.504,62.7,-1.21,0,0
Cerrado,11,24.8,1.05,153.2,62.7,0.359,76.9,0.02,0,0
Mata Atlântica,8,22.2,-1.12,152.4,84.7,0.59,72.3,-0.19,1,0
Amazônia,6,26.3,1.25,234.1,93.2,0.848,90.0,0.11,1,0
Mata Atlântica,2,22.1,0.77,238.6,89.9,0.786,71.9,0.07,0,0
Caatinga,7,31.8,1.87,22.5,52.7,0.193,77.5,-2.0,89,2
Pantanal,7,28.7,0.11,110.9,91.2,0.566,83.2,-1.63,44,0
Pampa,11,19.4,0.52,179.0,71.2,0.515,81.9,0.54,0,0
Cerrado,1,30.2,1.07,154.1,86.2,0.494,90.2,-0.75,12,1
Cerrado,6,24.9,2.01,48.1,92.6,0.513,41.7,-1.86,122,1
Caatinga,9,28.4,0.44,27.8,60.5,0.233,61.2,-1.17,61,1
Amazônia,8,31.5,1.05,257.3,90.2,1.0,97.8,1.21,25,0
Caatinga,9,35.9,0.2,0.0,64.3,0.115,46.6,-1.32,110,2
Pantanal,8,23.1,2.16,120.4,88.2,0.659,52.8,-0.43,25,0
Mata Atlântica,2,18.1,0.03,223.1,75.5,0.74,84.0,0.09,0,0
Amazônia,9,30.2,0.61,221.5,69.9,0.809,100.0,0.07,16,0
Amazônia,3,30.1,2.42,308.0,86.8,0.934,100.0,0.25,30,0
Caatinga,1,36.4,2.34,20.4,60.1,0.265,52.4,-2.0,91,2
Pampa,10,15.0,0.48,178.8,78.2,0.616,100.0,0.61,0,0
Pantanal,4,28.4,2.85,96.3,83.9,0.547,65.2,-0.6,34,0
Cerrado,3,17.6,-0.17,113.7,68.7,0.46,45.4,-1.0,0,0
Mata Atlântica,10,26.7,-0.74,239.7,69.8,0.642,100.0,-0.13,0,0
Cerrado,9,25.6,1.89,109.0,85.7,0.687,73.9,-1.12,88,0
Cerrado,7,28.9,1.51,73.1,70.5,0.565,67.8,-1.34,126,1
Caatinga,2,33.7,0.22,66.0,56.6,0.341,80.5,-1.68,90,2
Cerrado,8,25.0,0.36,141.5,75.6,0.453,89.9,-0.38,50,0
Pampa,2,15.7,1.8,121.5,91.6,0.476,76.8,-0.58,0,0
Mata Atlântica,12,20.7,-1.08,212.9,82.6,0.626,100.0,0.23,0,0
Caatinga,3,32.5,0.74,53.4,59.5,0.364,79.4,-1.76,94,2
Mata Atlântica,11,17.0,0.47,280.8,100.0,0.82,100.0,1.0,0,0
Caatinga,8,28.2,2.28,0.0,63.3,0.153,55.4,-2.53,97,1
Cerrado,4,26.9,-1.23,135.8,69.9,0.485,54.1,-0.73,44,0
Pantanal,5,28.7,2.18,196.4,86.8,0.572,100.0,-0.9,3,0
Amazônia,11,29.2,0.72,266.6,99.2,0.86,74.0,-0.02,0,0
Cerrado,7,24.8,1.51,110.2,75.6,0.556,52.4,-1.14,82,0
Cerrado,2,32.7,0.32,129.9,77.1,0.582,98.5,-1.3,134,1
Mata Atlântica,9,19.1,0.44,144.5,89.7,0.816,47.8,-0.79,7,0
Cerrado,12,24.4,1.11,137.9,69.3,0.594,72.5,-0.69,8,0
Mata Atlântica,4,23.9,2.12,195.8,74.8,0.693,76.5,0.07,19,0
Caatinga,9,27.0,0.04,42.7,83.9,0.339,72.9,-1.92,92,2
Mata Atlântica,1,23.3,0.73,232.5,92.3,0.808,86.7,0.39,0,0
Mata Atlântica,9,19.7,2.52,189.8,84.3,0.68,82.4,0.43,0,0
Mata Atlântica,11,21.8,0.55,136.6,80.6,0.687,100.0,-0.68,0,0
Caatinga,1,31.4,1.84,0.0,53.8,0.063,69.5,-2.1,109,2
Pampa,4,17.1,2.02,117.2,75.9,0.522,74.8,-0.18,4,0
Cerrado,9,22.8,0.22,88.6,77.4,0.605,75.2,-0.32,66,0
Caatinga,4,31.0,-0.09,27.0,58.9,0.33,56.2,-1.54,85,2
Amazônia,5,26.7,0.35,259.9,87.0,0.862,96.1,0.0,0,0
Cerrado,3,21.0,1.71,121.4,76.6,0.675,89.6,-0.87,31,0
Mata Atlântica,11,19.7,-0.19,244.8,78.8,0.764,92.9,0.37,0,0
Mata Atlântica,5,24.5,1.06,163.4,93.0,0.702,60.6,-0.31,23,0
Pantanal,12,26.2,0.08,180.0,79.6,0.603,91.4,-0.55,6,0
Caatinga,3,28.4,0.96,52.5,65.4,0.398,85.8,-1.56,64,1
Pampa,7,19.9,-0.19,179.4,76.1,0.51,87.8,-0.34,0,0
Amazônia,3,26.3,3.02,294.3,73.5,0.765,89.0,0.69,0,0
Pantanal,2,24.3,0.34,142.5,81.4,0.66,96.4,-0.18,62,0
Amazônia,1,33.1,1.56,395.1,74.8,0.798,100.0,2.18,0,0
Mata Atlântica,4,25.6,-1.94,249.0,78.6,0.569,100.0,0.03,6,0
Caatinga,4,29.5,0.1,54.9,64.5,0.459,67.1,-2.04,39,1
Cerrado,6,28.1,2.68,148.2,71.0,0.515,66.2,-0.37,35,0
Pampa,11,11.7,0.71,103.1,75.2,0.431,69.0,-0.69,6,0
Caatinga,3,28.8,1.86,0.0,68.2,0.384,57.0,-2.3,98,2
Pampa,11,13.2,0.7,158.9,82.9,0.369,79.2,-0.35,0,0
Cerrado,6,22.1,-0.22,110.6,76.2,0.611,65.2,-0.7,51,0
Pantanal,6,23.6,2.58,195.8,77.5,0.485,90.1,0.03,0,0
Pantanal,9,28.8,1.51,152.2,66.3,0.594,100.0,-0.81,50,0
Pantanal,11,23.7,1.14,125.1,89.5,0.64,72.5,-1.5,23,0
Cerrado,3,30.6,-0.7,93.5,77.8,0.653,67.0,-1.4,128,1
Mata Atlântica,1,24.7,0.61,230.6,71.7,0.663,96.2,0.86,0,0
Cerrado,8,19.9,0.47,146.6,93.4,0.541,52.8,-1.41,31,0
Mata Atlântica,5,23.1,-0.66,187.5,82.4,0.794,100.0,0.07,16,0
Cerrado,10,23.7,2.12,151.8,84.8,0.519,81.1,-0.14,67,0
Pampa,5,17.7,0.53,156.9,60.6,0.433,86.4,0.71,10,0
Caatinga,2,31.4,1.15,24.4,55.6,0.359,43.8,-1.73,105,1
Amazônia,6,27.2,0.33,242.4,91.8,0.862,100.0,-0.23,0,0
Caatinga,12,28.9,1.3,34.0,61.6,0.279,93.7,-1.07,81,1
Cerrado,4,30.9,0.13,99.2,75.4,0.443,69.9,-0.61,149,1
Pampa,6,19.6,0.28,69.3,67.0,0.504,59.9,-0.96,30,0
Pampa,11,18.0,0.08,141.3,92.8,0.655,86.4,-0.29,0,0
Pantanal,11,24.5,-0.32,178.1,86.6,0.578,83.5,-0.25,0,0
Pampa,10,19.2,-0.57,194.0,80.1,0.395,82.2,-0.85,0,0
Amazônia,9,28.3,3.09,269.1,89.9,0.632,100.0,1.23,0,0
Mata Atlântica,12,20.8,0.16,219.2,85.8,0.778,94.4,0.59,0,0
Caatinga,7,31.4,0.59,0.0,59.1,0.155,38.1,-1.76,107,2
Caatinga,8,27.2,2.18,77.2,71.0,0.33,66.4,-0.91,65,0
Pantanal,8,26.9,-0.71,123.0,66.6,0.595,85.7,-1.27,31,0
Caatinga,11,29.5,1.69,23.8,60.3,0.136,45.2,-2.24,103,2
Amazônia,6,26.5,-1.67,226.0,82.2,0.749,72.1,1.25,0,0
Pantanal,7,25.9,-0.33,124.9,71.9,0.607,56.3,-0.63,44,0
Cerrado,8,21.9,0.97,160.6,74.4,0.488,73.6,-0.23,23,0
Amazônia,8,27.5,0.4,244.1,96.4,1.0,100.0,-0.02,0,0
Cerrado,2,33.4,1.66,143.2,76.0,0.351,73.2,-0.02,80,0
Pantanal,3,28.6,0.55,152.5,66.2,0.558,83.6,0.05,42,0
Pampa,1,18.1,4.3,122.0,98.4,0.636,76.1,-1.86,11,0
Cerrado,7,21.5,0.77,98.9,82.1,0.608,85.3,-0.81,24,0
Caatinga,9,32.9,0.23,58.5,48.9,0.27,75.6,-1.49,64,2
Cerrado,12,30.5,3.12,101.8,73.7,0.465,80.4,-1.42,88,0
Mata Atlântica,4,21.0,-0.39,191.0,79.3,0.786,100.0,0.37,0,0
Pampa,11,12.0,0.18,133.3,82.9,0.498,69.8,-0.71,0,0
Pampa,3,15.1,2.14,152.9,80.9,0.524,66.7,0.5,0,0
Cerrado,2,25.9,1.2,189.6,81.3,0.583,78.7,-0.02,0,0
Mata Atlântica,8,26.8,1.02,186.6,82.5,0.802,100.0,0.1,4,0
Cerrado,5,31.7,-0.25,156.1,77.7,0.61,68.2,-0.83,100,0
Pantanal,4,28.3,-0.44,116.4,77.8,0.56,70.3,-0.98,43,0
Mata Atlântica,2,29.5,0.79,226.8,67.3,0.816,85.5,1.26,0,0
Pantanal,2,28.5,0.12,200.3,89.5,0.69,77.8,-0.53,11,0
Caatinga,10,30.7,1.67,91.1,60.4,0.276,50.8,-0.38,64,1
Caatinga,1,30.8,2.01,68.5,54.6,0.295,41.8,-1.96,51,1
Pampa,10,17.7,3.56,184.5,82.5,0.465,84.6,-0.14,0,0
Cerrado,6,29.9,-0.65,116.3,85.9,0.512,65.4,-1.76,111,1
Mata Atlântica,2,23.4,0.22,180.8,82.1,0.781,100.0,-0.74,0,0
Caatinga,9,33.1,1.62,70.2,72.0,0.327,70.9,-1.23,100,1
Pampa,5,15.6,0.1,126.9,77.3,0.545,81.3,-0.35,9,0
Cerrado,9,21.8,0.58,131.3,81.4,0.528,70.9,-1.36,0,0
Pampa,9,22.5,2.48,102.3,65.1,0.458,77.3,-0.4,25,0
Caatinga,12,35.6,2.26,28.6,59.6,0.354,82.9,-1.25,112,1
Cerrado,12,20.6,-0.78,197.3,59.4,0.556,86.4,0.1,0,0
Pantanal,2,29.7,1.62,192.2,72.6,0.582,76.4,-0.55,21,0
Mata Atlântica,2,22.8,1.61,133.4,93.2,0.682,63.4,0.05,0,0
Caatinga,2,37.8,0.4,65.3,68.3,0.366,53.9,-1.86,111,1
Pampa,9,13.2,0.17,227.2,82.4,0.49,71.9,-0.03,0,0
Mata Atlântica,9,19.9,-1.07,214.8,80.8,0.667,89.1,0.3,0,0
Cerrado,10,29.2,1.43,116.5,67.4,0.605,100.0,-0.15,31,0
Amazônia,6,26.7,0.58,300.9,79.5,0.867,96.8,1.03,0,0
Mata Atlântica,10,26.1,2.35,197.2,79.8,0.873,100.0,-0.78,25,0
Pantanal,2,29.1,-1.95,152.9,71.8,0.651,58.4,-0.69,17,0
Pantanal,4,25.4,1.04,143.4,95.5,0.677,66.9,-0.25,39,0
Cerrado,3,30.6,0.23,37.6,75.8,0.424,40.8,-1.64,172,2
Mata Atlântica,12,22.5,0.17,187.3,88.0,0.83,100.0,0.2,0,0
Pampa,9,21.8,0.96,180.1,82.8,0.537,71.6,0.88,26,0
Pampa,11,14.5,0.34,112.2,67.3,0.391,72.3,0.15,3,0
Caatinga,8,26.3,2.07,0.0,71.6,0.191,63.7,-1.21,83,1
Cerrado,7,26.4,3.1,81.6,87.0,0.589,52.2,-1.03,93,0
Pantanal,7,31.4,1.31,122.5,65.4,0.623,96.3,-0.8,39,0
Pampa,1,16.7,2.6,66.1,79.4,0.491,79.3,-1.44,27,0
Pampa,9,20.2,0.96,129.6,65.7,0.41,59.7,-1.07,7,0
Cerrado,10,22.5,-0.14,105.8,74.1,0.338,57.5,-0.58,59,0
Mata Atlântica,3,19.7,1.3,173.6,76.1,0.732,69.0,-0.39,0,0
Mata Atlântica,5,23.3,0.34,207.0,91.2,0.641,89.1,0.63,0,0
Cerrado,3,23.7,1.65,164.0,80.2,0.657,67.9,-0.53,4,0
Mata Atlântica,12,24.9,0.63,147.2,89.2,0.795,82.7,-0.39,30,0
Amazônia,2,27.4,1.14,238.6,94.3,0.788,100.0,0.65,0,0
Cerrado,12,30.5,-0.32,126.7,76.2,0.664,60.7,-0.87,65,0
Caatinga,8,29.8,0.62,45.5,65.9,0.34,50.7,-1.07,78,1
Pampa,4,22.7,1.29,65.5,63.0,0.495,52.1,-2.54,31,0
Pampa,1,17.1,1.73,123.0,76.3,0.521,73.5,-0.91,7,0
Pantanal,9,25.8,4.19,97.3,77.6,0.51,55.8,-1.37,84,1
Pantanal,5,23.8,1.62,106.1,84.1,0.627,80.3,-0.41,10,0
Mata Atlântica,6,24.1,0.5,278.1,100.0,0.78,96.3,0.44,0,0
Pantanal,12,29.1,0.14,104.3,83.8,0.689,77.7,-1.34,53,0
Pampa,10,20.5,-0.51,85.2,81.0,0.543,55.1,-1.85,22,0
Pantanal,2,32.3,1.93,165.3,71.1,0.413,91.1,-0.55,46,1
Amazônia,5,25.7,2.29,327.1,84.3,0.87,100.0,1.15,0,0
Cerrado,6,20.7,0.32,135.2,80.4,0.554,62.3,-0.37,61,0
Mata Atlântica,11,26.1,0.18,148.7,84.4,0.741,74.7,-0.32,28,0
Mata Atlântica,8,20.6,1.64,179.0,79.7,0.886,72.9,-0.86,0,0
Cerrado,4,30.0,-0.58,163.6,79.1,0.527,94.7,0.06,113,0
Amazônia,11,26.9,2.12,289.2,79.8,0.751,100.0,0.98,0,0
Pampa,1,16.2,-2.23,145.1,78.8,0.575,76.8,-0.14,0,0
Cerrado,11,28.0,-0.07,58.9,82.2,0.619,78.0,-0.97,118,1
Pampa,11,18.9,2.37,116.4,65.5,0.43,52.5,-0.63,0,0
Pampa,3,17.3,2.95,229.1,76.7,0.434,80.8,0.0,0,0
Pantanal,10,26.9,1.14,137.4,64.0,0.729,84.7,-0.41,19,0
Pampa,8,15.4,3.3,52.1,78.3,0.389,55.0,-1.46,13,1
Pampa,10,18.0,1.07,151.2,81.0,0.63,71.0,0.03,0,0
Cerrado,5,22.3,-0.3,73.9,70.5,0.672,50.9,-0.24,99,0
Mata Atlântica,4,16.3,0.72,221.3,78.1,0.746,97.8,1.15,0,0
Pampa,2,16.9,1.24,86.6,85.2,0.444,73.2,-1.92,31,1
Pampa,1,19.8,-0.53,99.0,75.0,0.479,54.0,-1.08,20,1
Cerrado,9,27.0,-0.53,88.4,56.2,0.428,63.2,-0.19,64,0
Pampa,8,12.2,2.5,134.6,96.9,0.527,30.4,-0.08,0,0
Cerrado,8,27.2,2.03,49.4,79.8,0.431,49.9,-1.25,138,1
Amazônia,4,28.8,0.65,259.4,76.5,0.819,97.7,-0.38,0,0
Caatinga,4,30.2,0.02,0.0,65.9,0.247,46.0,-1.19,112,1
Caatinga,1,22.5,1.1,27.3,69.6,0.209,78.7,-1.1,34,1
Amazônia,12,32.0,1.57,303.1,91.2,0.861,100.0,1.58,0,0
Pantanal,6,26.8,0.49,53.5,57.0,0.669,83.2,-0.11,65,0
Pampa,6,20.3,-0.54,28.4,77.2,0.266,45.1,-1.1,53,1
Pampa,7,18.5,2.36,105.2,86.8,0.483,74.4,-1.13,10,0
Caatinga,4,28.1,0.27,74.7,75.9,0.491,57.7,-1.55,79,0
Cerrado,9,30.0,2.8,97.3,82.5,0.595,98.8,-1.0,122,1
Amazônia,1,30.8,-0.06,312.4,94.2,0.908,100.0,2.06,0,0
Pampa,7,14.6,-1.34,81.8,87.4,0.652,63.5,-1.69,0,0
Mata Atlântica,8,23.6,2.93,216.3,89.9,0.777,100.0,0.29,0,0
Pantanal,4,27.5,0.25,162.8,73.3,0.592,76.6,0.15,39,0
Cerrado,11,29.7,0.15,153.1,75.3,0.628,89.8,-0.19,68,0
Pampa,4,21.0,2.03,177.3,85.9,0.629,81.6,0.35,4,0
Pampa,11,19.6,1.83,67.7,76.4,0.469,99.6,-1.06,18,1
Caatinga,5,31.2,1.21,52.4,76.1,0.43,61.1,-1.07,89,2
Pantanal,4,22.9,1.67,148.7,96.4,0.651,63.0,-0.82,14,0
Amazônia,9,30.6,1.66,309.5,93.1,0.844,100.0,1.19,0,0
Amazônia,1,26.0,0.13,297.0,70.1,0.783,100.0,0.53,0,0
Mata Atlântica,5,26.2,0.51,230.5,83.4,0.777,100.0,1.3,0,0
Caatinga,12,31.3,2.28,0.0,53.4,0.247,19.8,-2.28,81,2
Cerrado,11,24.6,1.09,188.7,83.6,0.447,60.8,-0.5,0,0
Pampa,5,18.0,2.87,83.4,79.5,0.414,83.7,-1.12,0,0
Cerrado,6,24.3,0.37,83.1,80.2,0.578,69.7,-0.83,86,0
Caatinga,10,28.5,-1.66,49.0,67.3,0.221,56.7,-1.02,90,2
Caatinga,7,29.5,-0.12,0.0,55.1,0.199,58.6,-1.81,122,2
Pantanal,4,25.1,0.76,68.9,80.9,0.632,54.2,-1.29,44,0
Pantanal,1,30.8,0.78,157.2,76.2,0.568,60.8,-0.7,19,0
Mata Atlântica,4,19.1,3.04,140.8,71.0,0.55,85.3,0.72,0,0
Caatinga,5,34.6,-0.63,37.3,55.0,0.277,51.8,-1.36,84,2
Pampa,6,19.0,-1.17,17.1,84.1,0.49,34.6,-1.7,81,1
Pampa,8,17.8,-0.7,71.3,88.3,0.485,69.9,-1.16,17,0
Pampa,12,16.7,0.51,121.7,75.7,0.473,71.0,-0.88,0,0
Cerrado,5,24.1,2.32,168.3,76.4,0.485,100.0,-0.2,15,0
Pantanal,5,23.2,-0.81,136.3,73.2,0.575,51.8,-0.95,18,0
Cerrado,11,29.6,0.75,162.5,77.4,0.631,61.6,-0.71,108,0
Pantanal,12,26.5,-0.38,166.7,67.8,0.447,77.6,-0.27,9,0
Mata Atlântica,5,18.3,2.67,215.9,71.8,0.7,100.0,0.64,0,0
Pantanal,6,25.1,1.07,164.4,85.9,0.622,100.0,-0.26,0,0
Caatinga,8,30.0,-0.61,0.0,52.0,0.025,23.5,-2.04,94,2
Caatinga,6,29.0,2.57,25.8,67.7,0.228,58.3,-2.09,90,2
Cerrado,11,26.6,1.43,109.0,66.5,0.512,65.4,-0.36,64,0
